:020000040000fa
:04025c000e5d000033
:020000040000fa
:0403c4000e5d0000ca
:020000040000fa
:0403c8000e5d0000c6
:020000040000fa
:040210000e5d00007f
:020000040000fa
:040274000e5d00001b
:020000040000fa
:040334000e5d00005a
:020000040000fa
:04035c000e5d000032
:020000040000fa
:040270000e5d00001f
:020000040000fa
:040360000e5d00002e
:020000040000fa
:040364000e5d00002a
:020000040000fa
:040238000e5d000057
:020000040000fa
:040260000e5d00002f
:020000040000fa
:040288000e5d000007
:020000040000fa
:0402b8000e5d0000d7
:020000040000fa
:0402e0000e5d0000af
:020000040000fa
:04031c000e5d000072
:020000040000fa
:0403d0000e5d0000be
:020000040000fa
:04022c000e5d000063
:020000040000fa
:04023c000e5d000053
:020000040000fa
:0402bc000e5d0000d3
:020000040000fa
:0402c0000e5d0000cf
:020000040000fa
:0402c4000e5d0000cb
:020000040000fa
:0402c8000e5d0000c7
:020000040000fa
:040280000e5d00000f
:020000040000fa
:040284000e5d00000b
:020000040000fa
:04039c000e5d0000f2
:020000040000fa
:040228000e5d000067
:020000040000fa
:040278000e5d000017
:020000040000fa
:04029c000e5d0000f3
:020000040000fa
:0402fc000e5d000093
:020000040000fa
:040300000e5d00008e
:020000040000fa
:0403bc000e5d0000d2
:020000040000fa
:0403c0000e5d0000ce
:020000040000fa
:0403d4000e5d0000ba
:020000040000fa
:0403d8000e5d0000b6
:020000040000fa
:0403dc000e5d0000b2
:020000040000fa
:0403e0000e5d0000ae
:020000040000fa
:0403e4000e5d0000aa
:020000040000fa
:0403e8000e5d0000a6
:020000040000fa
:0403ec000e5d0000a2
:020000040000fa
:0403f0000e5d00009e
:020000040000fa
:0403f4000e5d00009a
:020000040000fa
:0403f8000e5d000096
:020000040000fa
:040264000e5d00002b
:020000040000fa
:04027c000e5d000013
:020000040000fa
:0402b0000e5d0000df
:020000040000fa
:0402b4000e5d0000db
:020000040000fa
:0402e4000e5d0000ab
:020000040000fa
:0402e8000e5d0000a7
:020000040000fa
:0402f4000e5d00009b
:020000040000fa
:0402f8000e5d000097
:020000040000fa
:040304000e5d00008a
:020000040000fa
:040308000e5d000086
:020000040000fa
:04030c000e5d000082
:020000040000fa
:040310000e5d00007e
:020000040000fa
:040314000e5d00007a
:020000040000fa
:040318000e5d000076
:020000040000fa
:040324000e5d00006a
:020000040000fa
:040328000e5d000066
:020000040000fa
:040338000e5d000056
:020000040000fa
:04033c000e5d000052
:020000040000fa
:040340000e5d00004e
:020000040000fa
:040344000e5d00004a
:020000040000fa
:04034c000e5d000042
:020000040000fa
:040350000e5d00003e
:020000040000fa
:040354000e5d00003a
:020000040000fa
:040358000e5d000036
:020000040000fa
:040368000e5d000026
:020000040000fa
:040378000e5d000016
:020000040000fa
:04037c000e5d000012
:020000040000fa
:040390000e5d0000fe
:020000040000fa
:040394000e5d0000fa
:020000040000fa
:0403a0000e5d0000ee
:020000040000fa
:0403a4000e5d0000ea
:020000040000fa
:0403a8000e5d0000e6
:020000040000fa
:0403ac000e5d0000e2
:020000040000fa
:0403b0000e5d0000de
:020000040000fa
:0403b4000e5d0000da
:020000040000fa
:0403fc000e5d000092
:020000040000fa
:0403b8000e5d0000d6
:020000040000fa
:040348000e5d000046
:020000040000fa
:04026c000e5d000023
:020000040000fa
:0402f0000e5d00009f
:020000040000fa
:040218000e5d000077
:020000040000fa
:040230000e5d00005f
:020000040000fa
:040240000e5d00004f
:020000040000fa
:04028c000e5d000003
:020000040000fa
:040290000e5d0000ff
:020000040000fa
:0402cc000e5d0000c3
:020000040000fa
:0402d0000e5d0000bf
:020000040000fa
:0402d4000e5d0000bb
:020000040000fa
:0402d8000e5d0000b7
:020000040000fa
:040398000e5d0000f6
:020000040000fa
:04020c000e5d000083
:020000040000fa
:0402dc000e5d0000b3
:020000040000fa
:040320000e5d00006e
:020000040000fa
:040208000e5d000087
:020000040000fa
:04021c000e5d000073
:020000040000fa
:040220000e5d00006f
:020000040000fa
:040224000e5d00006b
:020000040000fa
:0403cc000e5d0000c2
:020000040000fa
:040268000e5d000027
:020000040000fa
:0402ec000e5d0000a3
:020000040000fa
:04024c000e5d000043
:020000040000fa
:040250000e5d00003f
:020000040000fa
:0402a8000e5d0000e7
:020000040000fa
:0402ac000e5d0000e3
:020000040000fa
:040214000e5d00007b
:020000040000fa
:040234000e5d00005b
:020000040000fa
:040244000e5d00004b
:020000040000fa
:040248000e5d000047
:020000040000fa
:040294000e5d0000fb
:020000040000fa
:040298000e5d0000f7
:020000040000fa
:04032c000e5d000062
:020000040000fa
:040254000e5d00003b
:020000040000fa
:040258000e5d000037
:020000040000fa
:040330000e5d00005e
:020000040000fa
:0402a0000e5d0000ef
:020000040000fa
:0402a4000e5d0000eb
:020000040000fa
:04036c000e5d000022
:020000040000fa
:040370000e5d00001e
:020000040000fa
:040374000e5d00001a
:020000040000fa
:040384000e5d00000a
:020000040000fa
:040388000e5d000006
:020000040000fa
:04038c000e5d000002
:020000040000fa
:040380000e5d00000e
:020000040000fa
:080000004011040000000000a3
:020000040000fa
:102280000f7021000e7f22000e0188000000000068
:10229000000020000000e0000200320000012000e9
:1022a0002002880014000700570107000000e0002a
:1022b00003003a0040a8250001002000020037007a
:1022c0000000200001002000810f7000010032009a
:1022d00014000700000020000000e00002003200af
:1022e0000000020000000000f85c02000000000096
:1022f0000040da000000fe004440a900402d20000c
:102300000000e0000300320000202000900188005f
:102310004440a800000006008a1f78008b1f780048
:1023200000000600a1028800800478000000eb0095
:102330001f003700e284440054a0b4009905ba009d
:10234000e284440054a0b4009906ba00e284440038
:1023500054a0b4000006eb00476fde00fd07b2009a
:10236000ae018800636ce10003003a00eaff070059
:102370000000eb000e003700606ce10008003a003e
:10238000004deb000a05e800020039003420ec00a3
:102390000af0a0008b05e900f9ff3e0004003700b9
:1023a0006168e100010032000086eb000b000700cd
:1023b00019c7ba001905ba000e04e00003003a007c
:1023c0000a00e000dbff3a0000000600fe07b20052
:1023d000ae0288008a047800f5ff37000cd0a30015
:1023e000e20f4d001c00390089027800354dba001b
:1023f0000a05e800020039003420ec000af0a000d1
:102400008b05e9000f003200254dba000a05e800ef
:10241000020039003420ec000af0a0008b05e9002e
:10242000080032000c00e0000600320015cdba00b2
:102430000a05e800020039003420ec000af0a00090
:102440008b05e9008984e80054a0b4000b00e0008b
:10245000e2ff3a00000006009902ba00055d78002c
:102460008b05e900f7ff3200c82ade00055d780021
:102470008b05e900f3ff32000c00e000f1ff3200b1
:1024800019ddba00eeff3700a2560400000000007c
:102490004258040000000000cc5704000000000077
:1024a000ae5c0400000000004a360400000000009a
:1024b0008239040000000000d4580400000000002d
:1024c0004259040000000000b03704000000000082
:1024d000ae43040000000000c443040000000000fc
:1024e000a01a040000000000061d04000000000007
:1024f000021e040000000000601f04000000000035
:10250000aa210400000000009c2304000000000039
:10251000ba2d040000000000962e04000000000008
:10252000103204000000000020330400000000000e
:10253000f21a0400000000007c1b040000000000f0
:102540009c1b040000000000201c04000000000090
:102550003e1c040000000000c61c04000000000037
:10256000e41c040000000000581d040000000000ee
:10257000e21d040000000000541e040000000000e2
:10258000861e040000000000a01e040000000000e1
:10259000d21e040000000000ec1e04000000000039
:1025a000401f040000000000b21f040000000000f3
:1025b000e01f040000000000fa1f040000000000fb
:1025c0002820040000000000422004000000000059
:1025d00070200400000000008a20040000000000b9
:1025e000b820040000000000d22004000000000019
:1025f00012210400000000003e2104000000000041
:102600007e21040000000000fc2104000000000006
:1026100030220400000000006422040000000000da
:102620009822040000000000cc22040000000000fa
:102630003423040000000000ee230400000000002a
:1026400028240400000000004624040000000000cc
:10265000ca24040000000000e82404000000000078
:1026600070250400000000008e250400000000001a
:1026700016260400000000003426040000000000bc
:10268000bc26040000000000da2604000000000060
:102690006227040000000000802704000000000002
:1026a0000a280400000000002a280400000000009e
:1026b000b428040000000000d4280400000000003a
:1026c0000e290400000000002c2904000000000076
:1026d000b029040000000000ce2904000000000022
:1026e000562a040000000000742a040000000000c4
:1026f000fc2a0400000000001a2b04000000000067
:10270000a22b040000000000c02b04000000000009
:10271000482c040000000000662c040000000000ab
:10272000f02c040000000000102d04000000000048
:102730009a2d040000000000e82e040000000000b4
:10274000042f040000000000202f040000000000ff
:102750003c2f0400000000007c2f0400000000005b
:10276000a42f040000000000e42f0400000000007b
:102770000c300400000000004c3004000000000099
:102780007430040000000000b430040000000000b9
:10279000dc300400000000001c31040000000000d8
:1027a00044310400000000008431040000000000f7
:1027b000ac31040000000000ec3104000000000017
:1027c0006232040000000000ec320400000000004f
:1027d0000c3304000000000072330400000000000d
:1027e000dc33040000000000ca34040000000000d4
:1027f00054560400000000001046040000000000d1
:10280000cc4d04000000000000000500839f68001c
:102810000100e00002003d0060001000e0801800b0
:102820000300e00002003d0060011100e08119009a
:10283000050007004f00e00002003b0060001000b0
:10284000e0801800000006006022b80006022000a8
:102850000000d0008180d2000482d2008582d200a4
:102860000000a0000202520083825a0003003100df
:102870000202420083824a000000a1000603e90030
:08288000f3ff3a00000006001e
:020000040000fa
:1020000040110400000000000e5d0400000000000c
:102010000e5d0400000000000e5d040000000000e2
:102020000e5d0400000000000e5d040000000000d2
:102030000e5d0400000000000e5d040000000000c2
:102040000e5d0400000000000e5d040000000000b2
:102050000e5d0400000000000e5d040000000000a2
:102060000e5d0400000000000e5d04000000000092
:102070000e5d0400000000000e5d04000000000082
:102080000e5d040000000000585c04000000000029
:10209000f65b0400000000000e5d0400000000007c
:1020a0000e5d0400000000000e5d04000000000052
:1020b0000e5d0400000000000e5d04000000000042
:1020c0000e5d0400000000000e5d04000000000032
:1020d0000e5d0400000000000e5d04000000000022
:1020e0000e5d0400000000000e5d04000000000012
:1020f0000e5d0400000000000e5d04000000000002
:102100000e5d0400000000000e5d040000000000f1
:102110000e5d0400000000000e5d040000000000e1
:102120000e5d0400000000000e5d040000000000d1
:102130000e5d0400000000000e5d040000000000c1
:102140000e5d0400000000000e5d040000000000b1
:102150000e5d0400000000000e5d040000000000a1
:102160000e5d0400000000000e5d04000000000091
:102170000e5d0400000000000e5d04000000000081
:102180000e5d0400000000000e5d04000000000071
:102190000e5d0400000000000e5d04000000000061
:1021a0000e5d0400000000000e5d04000000000051
:1021b0000e5d0400000000000e5d04000000000041
:1021c0000e5d0400000000000e5d04000000000031
:1021d0000e5d0400000000000e5d04000000000021
:1021e0000e5d0400000000000e5d04000000000011
:1021f0000e5d0400000000000e5d04000000000001
:102200000e5d0400000000000e5d040000000000f0
:102210000e5d0400000000000e5d040000000000e0
:102220000e5d0400000000000e5d040000000000d0
:102230000e5d0400000000000e5d040000000000c0
:102240000e5d0400000000000e5d040000000000b0
:102250000e5d0400000000000e5d040000000000a0
:102260000e5d0400000000000e5d04000000000090
:020000040000fa
:1000080004100000081000000c1000001010000080
:1000180014100000341100003411000034110000e5
:10002800181000001c100000201000002410000010
:10003800281000002c1000003010000034100000c0
:10004800381000003c100000401000004410000070
:10005800481000004c10000050100000341100003f
:1000680054100000581000005c10000060100000e0
:100078006410000034110000681000006c100000cb
:100088007010000074100000781000007c10000050
:100098008010000084100000881000008c10000000
:1000a800901000009410000034110000341100007a
:1000b800981000009c100000a0100000a410000080
:1000c800a8100000ac100000b0100000b410000030
:1000d800b8100000bc100000c0100000341100006f
:1000e80034110000c4100000c810000034110000d2
:1000f80034110000cc100000d010000034110000b2
:1001080034110000341100003411000034110000d3
:1001180034110000d4100000d81000003411000081
:1001280034110000dc100000e0100000e4100000b2
:1001380034110000341100003411000034110000a3
:10014800e8100000341100003411000034110000e0
:1001580034110000ec100000f0100000f410000052
:1001680034110000f8100000fc100000001100001d
:1001780034110000341100000411000008110000bf
:100188000c1100001011000034110000341100009f
:10019800141100001811000034110000341100007f
:1001a8003411000034110000341100003411000033
:1001b8001c1100003411000034110000201100004f
:1001c80024110000281100002c1100003411000037
:1001d8003411000034110000341100003411000003
:1001e80034110000341100003411000034110000f3
:0801f800341100003011000079
:020000040000fa
:102888005549000000500000575200000044000065
:102898004143000031300000004400004143000083
:1028a8003136000000410000444300003138000088
:1028b800004d00004f44000045000000534d00004b
:1028c800553f000000440000494700004f550000f4
:1028d80054000000424c000045000000464c000037
:1028e80041530000480000004c45000044310000fe
:1028f800004c000045440000313f0000004c00003f
:1029080045440000320000004c45000044320000fd
:102918003f0000004c45000044330000004c00001c
:1029280045440000333f00000053000057310000c9
:102938003f000000454e00004131000032560000c3
:10294800004500004e41000031320000563f0000b3
:1029580000440000414300003100000044410000f1
:10296800433100003f0000004441000043320000b2
:102978000044000041430000323f000000440000d2
:102988004946000046000000444900004646000051
:102998003f000000444100004330000000440000b4
:1029a80041430000303f0000004400004143000064
:1029b8003300000044410000433300003f000000a2
:1029c800434800003100000043480000313f000048
:1029d8000043000048320000004300004832000075
:1029e8003f00000043480000314100005647000006
:1029f8003f000000434800003241000056470000f5
:102a08003f000000424f0000544800003f00000013
:102a1800424f00005448000041560000473f000064
:102a2800005000004f5200005444000000500000c5
:102a38004f520000544400003f0000005244000080
:102a48003000000052440000303f000000520000f7
:102a58004431000000520000443100003f000000f3
:102a6800524400003200000052440000323f00008f
:102a780000520000443300000052000044330000bc
:102a88003f0000005244000034000000524400009f
:102a9800343f00000052000044350000005200009e
:102aa800443500003f00000052440000360000009a
:102ab80052440000363f0000005000004f52000012
:102ac80054450000005000004f52000054450000db
:102ad8003f00000052450000300000005245000051
:102ae800303f000000520000453100000052000055
:102af800453100003f000000524500003200000050
:102b080052450000323f00000052000045330000eb
:102b180000520000453300003f000000524500000d
:102b28003400000052450000343f0000005200000d
:102b38004535000000520000453500003f00000008
:102b4800524500003600000052450000363f0000a4
:102b58000053000045540000004300004c450000ad
:102b680041520000005400004f470000474c00004d
:102b7800450000005752000049540000450000007d
:102b88005245000041440000004f0000440000008e
:102b98004f4400003f0000004d4f00004445000036
:102ba8003f00000050450000524900004f4400001b
:102bb8000050000045520000494f0000443f00000b
:102bc800004400005554000059000000445500001e
:102bd800545900003f0000005749000044540000c9
:102be800480000005749000044540000483f0000d6
:102bf800005400003150000045520000494f0000c9
:102c080044000000543100005045000052490000c3
:102c18004f4400003f0000005245000053450000ab
:102c2800540000005245000053450000543f000086
:102c3800004600004f520000574100005244000077
:102c4800004500005241000053450000003a0000d2
:102c58002c200000004f00004e0000004f460000ee
:102c680046000000544f0000474700004c45000054
:102c7800003100000d0a0000003000000d0a0000bd
:102c8800000d00000a0000002c20000000250000b4
:102c98005354000052450000414d00005f4f0000b2
:102ca800504500004e250000002500004449000062
:102cb800534300004f4e00004e45000043540000af
:102cc80025000000120100000002000002000000c0
:102cd8000040000066660000c2cd00000000000051
:102ce800010200000001000009020000430000008a
:102cf8000201000000a000003209000004000000ea
:102d0800000100000202000000000000052400008d
:102d18000010000001040000240200000205000069
:102d28002406000000010000052400000101000045
:102d38000107000005810000030a000000400000b0
:102d48000904000001000000020a00000000000061
:102d5800000700000502000002400000000000001b
:102d6800070500008202000040000000000000008b
:102d78007896000004030000090400001a0300000c
:102d88004f0000006c000000690000006e000000a9
:102d980020000000430000006f0000006c000000ed
:102da8006c0000006500000067000000650000007e
:102db80036030000500000004900000043000000f6
:102dc8003200000034000000460000004a00000005
:102dd8003100000032000000380000004700000009
:102de8004300000030000000300000003600000002
:102df80020000000430000004400000043000000e1
:102e0800200000004400000065000000760000007b
:102e1800690000006300000065000000be96000025
:082e2800c2960000dc960000d8
:020000040000fa
:102e30000400fa00000f7800110798001e007800c7
:102e40000000e00004003a000080eb005a00370068
:102e50001e0fe80001003700000000001e0078008f
:102e60009040780000c2b30080cf5000f8ff3200dd
:102e70001e00780010407800e94f5000f4ff320047
:102e80001e0090008000eb0001087800450037002c
:102e90001e00780090407800f0c2b30080cf500050
:102ea000110034001e0078009040780090c3b300f9
:102eb00080cf50000c003c001e00900010007800f5
:102ec000c400dd001e007800104078000000fb0008
:102ed0000080400001fd2f00808040001e00900017
:102ee000010878002e0037001e007800904078001e
:102ef00000c6b30080cf5000110034001e007800df
:102f00009040780060c6b30080cf50000c003c00b9
:102f10001e00900010007800c400dd001e00780044
:102f2000104078000000fb000080400091fa2f0064
:102f3000808040001e0090000108780018003700d3
:102f40001e0078009040780000c4b30080cf50008d
:102f5000110034001e0078009040780060c4b30077
:102f600080cf50000c003c001e0090001000780044
:102f7000c400dd001e007800104078000000fb0057
:102f80000080400091fc2f00808040001e009000d7
:102f900001087800020037000080eb0006003700cf
:102fa0001e0fe8001e007800104078000004e000ca
:102fb000b7ff3a000000eb000080fa0000000600b6
:102fc0000400fa00000f7800110798001e00780036
:102fd0000000e00004003a000080eb002f00370002
:102fe0001e0fe80001003700000000001e007800fe
:102ff0009040780000c2b30080cf5000f8ff32004c
:103000001e00780010407800e94f5000f4ff3200b5
:103010001e0090008000eb00010878001a003700c5
:103020001e00780090407800f0c2b30080cf5000be
:10303000130034001e0078009040780090c3b30065
:1030400080cf50000e003c001e0090001000780061
:103050006a00b900800078001e00780010407800f7
:103060000000fb000080400001fd2f008080400038
:103070001e009000010878001e0fe80002003700d3
:103080000080eb00050037001e007800104078003b
:103090000004e000e2ff3a000000eb000080fa00cc
:1030a000000006000800fa00200798003107980089
:1030b0000000eb00000f78001a0037002e0090008f
:1030c0004c00de00100798001e009000e90f500031
:1030d00007003e001e009000004078000043b00052
:1030e000804078003e0090000148780006003700dc
:1030f0001e009000004078007043b00080407800cf
:103100003e009000014878003e0090000000e8007a
:10311000300798002e0090004400dd002007980042
:103120001e0fe8001e007800e30f5000e3ff36009a
:103130003e0090008040eb00014878000080fa00db
:10314000000006000a00fa003007980041079800c6
:103150000000eb00100798000000eb00000f780063
:10316000250037003e0090004c00de00200798004c
:103170002e0090000000e00002003200100020004d
:10318000100798001e0090000000e00003003a00c5
:103190001e007800e30f500013003a002e0090004c
:1031a000e90f500007003e002e009000004078001c
:1031b0000043b000804078004e0090000148780045
:1031c000060037002e009000004078007043b000e9
:1031d000804078004e009000014878004e0090003a
:1031e0000000e800400798003e0090004400dd0029
:1031f000300798001e0fe8001e007800e30f500013
:10320000d8ff36004e0090008040eb000148780067
:103210000080fa00000006000400fa00000f7800a9
:1032200011079800040037001e0fe8001e009000f0
:103230000000e800100798001e0078001040780099
:103240000004e000060032001e0078009040780084
:103250001e0090001040780080cf5000f2ff320036
:103260001e007800904078001e009000104078000a
:1032700080cf500002003a000000eb000900370048
:103280001e007800904078001e00900010407800ea
:1032900080cf500002003d000080eb0001003700ad
:1032a000100020000080fa00000006000600fa006e
:1032b000000f780011079800220798002e00900058
:1032c0000000e00007003a000000eb002b00370090
:1032d0001e0fe8001e0090000000e8001007980094
:1032e00001003700000000001e0078001040780048
:1032f0000004e000100032001e0090001040780032
:103300000004e0000c0032001e00780090407800bd
:103310001e0090001040780080cf500006003a0058
:103320002e0090000000e900200798002e00900079
:103330000000e000e6ff3a001e00780090407800b0
:103340001e0090001040780080cf500002003a002c
:103350000000eb00090037001e0078009040780064
:103360001e0090001040780080cf500002003d0009
:103370000080eb0001003700100020000080fa0000
:10338000000006000c00fa00300798004107980082
:10339000520798003e0090000000e00006003a004e
:1033a0005e009000100078000000e00002003a008b
:1033b0000000eb00600037003e0090000000e000dd
:1033c00003003a005e009000100078000100370012
:1033d0003e009000000f780017003700ce009000ec
:1033e00011079800090037001e007800904078000f
:1033f0001e0090001040780080cf5000080032007e
:103400001e0090000000e800100798001e009000c9
:10341000104078000004e000f3ff3a00010037009c
:10342000000000001e009000104078000004e00042
:10343000060032001e0fe8001e00780010407800e1
:103440000004e000e5ff3a00010037000000000042
:103450001e007800104078000004e00003003200f5
:103460009e007800210798001e0037005e00900043
:103470008000eb00010878000000eb002e00370010
:10348000ce00900011079800090037001e00780058
:10349000904078001e0090001040780080cf5000cf
:1034a000080032001e0090000000e800100798009d
:1034b0001e009000104078000004e000f3ff3a0086
:1034c00001003700000000001e00780090407800e6
:1034d0001e0090001040780080cf5000060032009f
:1034e0001e0fe8001e007800104078000004e00085
:1034f000e3ff3a0001003700000000001e007800e2
:10350000104078000004e000070032001e00780040
:103510008040eb00014878009e00e8005e009000cb
:1035200001087800030037005e0090008000eb0087
:10353000010878002e0090000080fa0000000600cc
:103540000800fa00300798000000eb002007980000
:103550006400470000017800b16229003e0090003d
:1035600088ff0700100798001e0090000000e00090
:103570001a0032000000eb00000f78001400370042
:103580001e007800c200dd00803421000080400071
:1035900010007800800078001e0090001eff0700d9
:1035a0000000e00009003a001e0078004200dd0043
:1035b0008080e80080342100008040009000780086
:1035c0002e00900001000100040037001e0fe800eb
:1035d0001e007800e60f5000e9ff36000080fa0078
:1035e000000006000800fa00300798000000eb0019
:1035f000100798000e80e80000017800b1622900f1
:103600003e0090005fff0700000f78001e0078006a
:103610000000e00036003200f16229001e00780050
:10362000fdfe07000000e00002003a00dce2a90015
:103630002f003700216329001e007800f6fe0700e6
:103640000000e00002003a00dce2a8002800370099
:10365000616329001e007800effe07000000e00013
:1036600010003a00e1168000000820000080600091
:1036700000f0a7000000ea000000e9004f00de00b3
:10368000004078000080fb00610060004700dd0022
:10369000e11680000170a10001007000e0168800b2
:1036a0001300370064004700800078001e00780097
:1036b000dffd07000000e0000d003a002e00900042
:1036c00000f0a7000000ea000000ea004f00de0062
:1036d000004078000080fb00610060004700dd00d2
:1036e000e11680000170a10001007000e016880062
:1036f0000080fa00000006000200fa00000f7800c7
:10370000e116800000082000008060000000e0005a
:103710000400320011428000d06329000100010042
:1037200003003700114280001064290001000100ed
:103730000080fa00000006000800fa003007980038
:103740000000eb00100798000e80e80000017800f0
:10375000b16229003e0090000aff0700000f7800c8
:103760001e0078000000e00033003200f162290002
:103770001e007800a8fe07000000e00002003a00ea
:10378000ec02a9002c003700216329001e007800fc
:10379000a1fe07000000e00002003a00ec02a800d1
:1037a00025003700616329001e0078009afe07009b
:1037b0000000e0000e003a00601780006100600029
:1037c00000f0a7000000ea000000e9004f00de0062
:1037d000004078000080fb006100600061178000fd
:1037e0000100a1000100700060178800120037007e
:1037f00064004700800078001e0078008cfd070000
:103800000000e0000c003a002e00900000f0a7003d
:103810000000ea000000ea004f00de0000407800ef
:103820000080fb0061006000611780000100a100c2
:1038300001007000601788000080fa000000060098
:103840000200fa00000f780060178000610060003d
:103850000000e0000400320011428000d063290023
:1038600001000100030037001142800010642900ac
:10387000010001000080fa00000006000800fa00c4
:10388000300798000000eb00100798000e80e80059
:1038900000017800b16229003e009000b9fe0700e7
:1038a000000f78001e0078000000e00035003200b4
:1038b000f16229001e00780057fe07000000e000ba
:1038c00002003a00ec22a9002e00370021632900f3
:1038d0001e00780050fe07000000e00002003a00e1
:1038e000ec22a80027003700616329001e00780041
:1038f00049fe07000000e0000f003a00601780005a
:103900006200600000f0a7000000ea000000e9008b
:103910004f00de00004078000080fb006100600086
:1039200000004000611780000110a100010070003c
:10393000601788001300370064004700800078009b
:103940001e0078003afd07000000e0000d003a007c
:103950002e00900000f0a7000000ea000000ea003e
:103960004f00de00004078000080fb006100600036
:1039700000004000611780000110a10001007000ec
:10398000601788000080fa00000006000200fa00bc
:10399000000f780060178000620060000000e00007
:1039a0000400320011428000d063290001000100b0
:1039b000030037001142800010642900010001005b
:1039c0000080fa00000006000200fa00000f7800f4
:1039d0000142800092168000000028000000610073
:1039e0000000e0000200320010c3b3000100370005
:1039f00000c3b3000100010011428000506429009f
:103a0000010001000080fa00000006000800fa0032
:103a1000300798000000eb00200798006400470082
:103a200000017800b16229003e00900055fe0700b9
:103a3000100798001e0090000000e0001a003200fd
:103a40000000eb00000f7800140037001e00780023
:103a5000c200dd00403621000080400010007800e8
:103a6000800078001e009000ebfd07000000e000e1
:103a700009003a001e0078004200dd008080e80066
:103a80004036210000804000900078002e00900019
:103a900001000100040037001e0fe8001e0078003e
:103aa000e10f5000e9ff36000080fa000000060038
:103ab0000800fa00300798000000eb00100798009b
:103ac0000e80e80000017800b16229003e009000fd
:103ad0002cfe0700000f78001e0078000000e000b8
:103ae00036003200f16229001e007800cafd07008e
:103af0000000e00002003a00d582a8002f00370045
:103b0000216329001e007800c3fd07000000e000cb
:103b100002003a00d582a90028003700616329001d
:103b20001e007800bcfd07000000e00010003a0015
:103b3000a1168000000021000080600000f0a700b6
:103b40000000ea000000e9004f00de0000407800bd
:103b50000080fb00610060004c00dd00a1168000c9
:103b600001c0a10001007000a016880013003700fa
:103b700064004700800078001e007800acfc07005d
:103b80000000e0000d003a002e00900000f0a700b9
:103b90000000ea000000ea004f00de00004078006c
:103ba0000080fb00610060004c00dd00a116800079
:103bb00001c0a10001007000a01688000080fa007a
:103bc000000006000200fa00000f7800a116800035
:103bd00000002100008060000000e00004003200ce
:103be00011428000d063290001000100030037006a
:103bf0001142800010642900010001000080fa00d9
:103c0000000006000800fa00300798000000eb00f2
:103c1000200798006400470000017800b162290085
:103c20003e009000d7fd0700100798001e0090008e
:103c30000000e0001a0032000000eb00000f7800e6
:103c4000140037001e007800c200dd00c0362100dd
:103c50000080400010007800800078001e00900076
:103c60006dfd07000000e00009003a001e0078002a
:103c70004200dd008080e800c03621000080400066
:103c8000900078002e009000010001000400370031
:103c90001e0fe8001e007800e50f5000e9ff360017
:103ca0000080fa00000006000800fa0030079800c3
:103cb0000000eb00100798000e80e800000178007b
:103cc000816429003e009000aefd0700000f7800df
:103cd0001e0078000000e0000a0032006400470087
:103ce000800078001e00780051fc07000000e00012
:103cf00004003a00ae009000f03f20000080600019
:103d0000102288000080fa00000006000800fa0077
:103d100030079800102280008e00780009fd07000f
:103d2000114280000e007800010001001142800065
:103d300050642900010001000080fa000000060024
:103d40000800fa00300798000000eb001007980008
:103d50000e80e80000017800816429003e00900098
:103d600088fd0700000f78001e0078000000e000ca
:103d70000a00320064004700800078001e007800ce
:103d80002bfc07000000e00004003a00ae009000a9
:103d9000f03f200000806000302288000080fa00a0
:103da000000006000800fa0030079800302280006a
:103db0008e007800e3fc0700114280000e007800be
:103dc000010001001142800050642900010001003f
:103dd0000080fa00000006000c00fa00500798006e
:103de0000000eb00300798006600470000017800f3
:103df000816429005e00900062fd0700000f7800da
:103e00001e0078000000e0001b0032006800470040
:103e1000800078001e00780005fc07000000e0002c
:103e200015003a004e00900080007800004020000d
:103e3000008040000080d10080007800f03f20002a
:103e400000806000100798004e00900001402000a4
:103e5000008050000080d10080007800f03f2000fa
:103e600000806000200798009e00900011228800ca
:103e7000ae009000312288000080fa0000000600a9
:103e80000800fa00300798001022800080007800b7
:103e900030228000008050008e007800a9fc0700ce
:103ea000114280000e0078000100010011428000e4
:103eb00050642900010001000080fa0000000600a3
:103ec0000800fa00300798000000eb002007980077
:103ed0006400470000017800b16229003e009000b4
:103ee00028fd0700100798001e0090000000e00069
:103ef0001a0032000000eb00000f780014003700b9
:103f00001e007800c200dd00403821000080400023
:103f100010007800800078001e009000befc0700b2
:103f20000000e00009003a001e0078004200dd00b9
:103f30008080e80040382100008040009000780038
:103f40002e00900001000100040037001e0fe80061
:103f50001e007800eb0f5000e9ff36000080fa00e9
:103f6000000006000800fa00300798000000eb008f
:103f7000100798000e80e800000178008164290095
:103f80003e009000fffc0700000f78001e00780044
:103f90000000e00008003200640047008000780064
:103fa0001e007800a2fb07000000e00002003a00bb
:103fb0002e009000b40d07000080fa0000000600fb
:103fc0000800fa0030079800ab0d07008e0078005b
:103fd0005cfc0700114280000e0078000100010027
:103fe0001142800050642900010001000080fa00a5
:103ff000000006000800fa00300798000000eb00ff
:10400000100798000e80e800000178008164290004
:104010003e009000dbfc0700000f78001e007800d7
:104020000000e000080032006400470080007800d3
:104030001e0078007efb07000000e00002003a004e
:104040002e009000ba0d07000080fa000000060064
:104050000800fa0030079800b10d07008e007800c4
:1040600038fc0700114280000e00780001000100ba
:104070001142800050642900010001000080fa0014
:10408000000006000800fa00300798000000eb006e
:10409000100798000e80e800000178008164290074
:1040a0003e009000b7fc0700000f78001e0078006b
:1040b0000000e00008003200640047008000780043
:1040c0001e0078005afb07000000e00002003a00e2
:1040d0002e009000c00d07000080fa0000000600ce
:1040e0000800fa0030079800b70d07008e0078002e
:1040f00014fc0700114280000e007800010001004e
:104100001142800050642900010001000080fa0083
:10411000000006000800fa00300798000000eb00dd
:10412000100798000e80e8000001780081642900e3
:104130003e00900093fc0700000f78001e007800fe
:104140000000e000080032006400470080007800b2
:104150001e00780036fb07000000e00002003a0075
:104160002e009000c60d07000080fa000000060037
:104170000800fa0030079800bd0d07008e00780097
:10418000f0fb0700114280000e00780001000100e2
:104190001142800050642900010001000080fa00f3
:1041a000000006000a00fa00400798000000eb003b
:1041b00030079800660047000001780081642900fc
:1041c0004e0090006ffc0700000f78001e00780082
:1041d0000000e000110032003e0090000000e0000e
:1041e0000e0032000e80e800800078001e0078008b
:1041f0000ffb07000000e00008003a003e009000be
:10420000e40047000afb07000000e00003003a005a
:10421000ae0090001e009000bf0d07000080fa0065
:10422000000006000800fa0030079800900d070013
:104230008e007800c3fb0700114280000e0078005a
:104240000100010001428000c0c2b3000100010072
:104250005d0d07008e007800bafb07001142800058
:104260000e00780001000100114280005064290016
:10427000010001000080fa00000006000a00fa00b8
:10428000400798000000eb003007980066004700e8
:1042900000017800816429004e00900039fc07007d
:1042a000000f78001e0078000000e00011003200ce
:1042b0003e0090000000e0000e0032000e80e8009a
:1042c000800078001e007800d9fa07000000e000a6
:1042d00008003a003e009000e4004700d4fa0700ce
:1042e0000000e00003003a00ae0090001e009000c5
:1042f000d20d07000080fa00000006000800fa0056
:1043000030079800060d07008e0078008dfb07002f
:10431000114280000e00780001000100014280007f
:10432000c0c2b30001000100d30c07008e0078006a
:1043300084fb0700114280000e007800010001009c
:104340001142800050642900010001000080fa0041
:10435000000006000800fa00300798000000eb009b
:10436000200798006400470000017800b16229002e
:104370003e00900003fc0700100798001e0090000c
:104380000000e0001a0032000000eb00000f78008f
:10439000140037001e007800c200dd00403b210001
:1043a0000080400010007800800078001e0090001f
:1043b00099fb07000000e00009003a001e007800a9
:1043c0004200dd008080e800403b2100008040008a
:1043d000900078002e0090000100010004003700da
:1043e0001e0fe8001e007800e50f5000e9ff3600c0
:1043f0000080fa00000006000c00fa005007980048
:10440000e70d0700008fbe001e007800e4004700a3
:104410004cfb0700114280006400470001000100ce
:1044200001428000c0c2b300010001001e00be00b6
:104430004008de0000007800e400470041fb070070
:104440001142800064004700010001001142800019
:1044500050642900010001000080fa0000000600fd
:104460000c00fa0050079800520e0700008fbe00a3
:104470001e007800e400470032fb07001142800074
:10448000640047000100010001428000c0c2b30087
:10449000010001001e00be004008de0000007800a0
:1044a000e400470027fb070011428000640047003a
:1044b0000100010011428000506429000100010048
:1044c0000080fa00000006000c00fa005007980077
:1044d000c40f0700008fbe001e007800e4004700f4
:1044e00018fb070011428000640047000100010032
:1044f00001428000c0c2b300010001001e00be00e6
:104500004008de0000007800e40047000dfb0700d3
:104510001142800064004700010001001142800048
:1045200050642900010001000080fa00000006002c
:104530000c00fa0050079800ca0f0700008fbe0059
:104540001e007800e4004700fefa070011428000d8
:10455000640047000100010001428000c0c2b300b6
:10456000010001001e00be004008de0000007800cf
:10457000e4004700f3fa070011428000640047009e
:104580000100010011428000506429000100010077
:104590000080fa00000006001000fa007007980082
:1045a00064004700800078000e007800860e070047
:1045b0001e00be0000007800e8004700e1fa070096
:1045c00011428000680047000100010001428000a4
:1045d000c0c2b300010001001e00be004008de00a2
:1045e00000007800e8004700d6fa0700114280007a
:1045f000680047000100010001428000c0c2b30012
:10460000010001002e009000be0090000000780024
:10461000e8004700cbfa070011428000680047001d
:104620000100010001428000c0c2b300010001008e
:104630002e009000be0090004008de0000007800d0
:10464000e8004700bffa07001142800068004700f9
:1046500001000100114280005064290001000100a6
:104660000080fa00000006001000fa0070079800b1
:1046700064004700800078000e007800990f070062
:104680001e00be0000007800e8004700adfa0700f9
:1046900011428000680047000100010001428000d3
:1046a000c0c2b300010001001e00be004008de00d1
:1046b00000007800e8004700a2fa070011428000dd
:1046c000680047000100010001428000c0c2b30041
:1046d000010001002e009000be0090000000780054
:1046e000e800470097fa0700114280006800470081
:1046f0000100010001428000c0c2b30001000100be
:104700002e009000be0090004008de0000007800ff
:10471000e80047008bfa070011428000680047005c
:1047200001000100114280005064290001000100d5
:104730000080fa00000006000800fa003007980028
:104740000000eb002007980064004700000178009b
:10475000b16229003e0090000afb07001007980094
:104760001e0090000000e0001a0032000000eb0084
:10477000000f7800140037001e007800c200dd0032
:10478000c03c2100008040001000780080007800cc
:104790001e009000a0fa07000000e00009003a00a7
:1047a0001e0078004200dd008080e800c03c21004f
:1047b00000804000900078002e0090000100010071
:1047c000040037001e0fe8001e007800ff0f5000a5
:1047d000e9ff36000080fa00000006000800fa0039
:1047e000300798000000eb00100798000e80e800ea
:1047f00000017800816429003e009000e1fa070082
:10480000000f78001e0078000000e0000e0032006b
:1048100064004700800078001e00780084f90700db
:104820000000e00008003a00e116800000f82f00c8
:10483000808060002e019000f007200000006100e1
:1048400001007000e01688000080fa0000000600f9
:104850000800fa0030079800d1168000f007200009
:10486000008060008e00780036fa07001142800058
:104870000e00780001000100114280005064290000
:10488000010001000080fa00000006000800fa00a4
:10489000300798000000eb00100798000e80e80039
:1048a00000017800b16229003e009000b5fa0700cf
:1048b000000f78001e0078000000e0003300320096
:1048c000f16229001e00780053fa07000000e000a2
:1048d00002003a00dc02a8002c0037002163290006
:1048e0001e0078004cfa07000000e00002003a00c9
:1048f000dc02a90025003700616329001e00780052
:1049000045fa07000000e0000e003a00e0168000c3
:104910006100600000f0a7000000ea000000e9006c
:104920004f00de00004078000080fb006100600066
:10493000e11680000100a10001007000e01688006f
:104940001200370064004700800078001e007800e5
:1049500037f907000000e0000c003a002e0090003c
:1049600000f0a7000000ea000000ea004f00de00af
:10497000004078000080fb0061006000e1168000cc
:104980000100a10001007000e01688000080fa001c
:10499000000006000200fa00000f7800e016800018
:1049a000610060000000e00004003200114280005d
:1049b000d06329000100010003003700114280008c
:1049c00010642900010001000080fa0000000600c8
:1049d0000800fa00300798000000eb00100798006c
:1049e0000e80e80000017800b16229003e009000ce
:1049f00064fa0700000f78001e0078000000e00055
:104a000035003200f16229001e00780002fa07002a
:104a10000000e00002003a00dc22a8002e0037006f
:104a2000216329001e007800fbf907000000e00068
:104a300002003a00dc22a900270037006163290048
:104a40001e007800f4f907000000e0000f003a00b3
:104a5000e01680006200600000f0a7000000ea009d
:104a60000000e9004f00de00004078000080fb00fd
:104a70006100600000004000e11680000110a1000c
:104a800001007000e0168800130037006400470042
:104a9000800078001e007800e5f807000000e000c4
:104aa0000d003a002e00900000f0a7000000ea0080
:104ab0000000ea004f00de00004078000080fb00ac
:104ac0006100600000004000e11680000110a100bc
:104ad00001007000e01688000080fa000000060067
:104ae0000200fa00000f7800e0168000620060000b
:104af0000000e0000400320011428000d063290071
:104b000001000100030037001142800010642900f9
:104b1000010001000080fa00000006000800fa0011
:104b2000300798000000eb00100798000e80e800a6
:104b300000017800b16229003e00900011fa0700e0
:104b4000000f78001e0078000000e0003500320001
:104b5000f16229001e007800aff907000000e000b4
:104b600002003a00dc42a8002e0037002163290031
:104b70001e007800a8f907000000e00002003a00db
:104b8000dc42a90027003700616329001e0078007d
:104b9000a1f907000000e0000f003a00e0168000d5
:104ba0006400600000f0a7000000ea000000e900d7
:104bb0004f00de00004078000080fb0061006000d4
:104bc0004200dd00e11680000120a100010070001c
:104bd000e01688001300370064004700800078006a
:104be0001e00780092f807000000e0000d003a0077
:104bf0002e00900000f0a7000000ea000000ea008c
:104c00004f00de00004078000080fb006100600083
:104c10004200dd00e11680000120a10001007000cb
:104c2000e01688000080fa00000006000200fa008a
:104c3000000f7800e0168000640060000000e000d3
:104c40000400320011428000d063290001000100fd
:104c500003003700114280001064290001000100a8
:104c60000080fa00000006000800fa0030079800f3
:104c70000000eb00100798000e80e80000017800ab
:104c8000b16229003e009000bef90700000f7800d5
:104c90001e0078000000e00035003200f1622900bb
:104ca0001e0078005cf907000000e00002003a00f6
:104cb000dc62a8002e003700216329001e00780066
:104cc00055f907000000e00002003a00dc62a9008c
:104cd00027003700616329001e0078004ef90700a5
:104ce0000000e0000f003a00e0168000680060005d
:104cf00000f0a7000000ea000000e9004f00de001d
:104d0000004078000080fb00610060004300dd008f
:104d1000e11680000130a10001007000e01688005b
:104d20001300370064004700800078001e00780000
:104d30003ff807000000e0000d003a002e00900050
:104d400000f0a7000000ea000000ea004f00de00cb
:104d5000004078000080fb00610060004300dd003f
:104d6000e11680000130a10001007000e01688000b
:104d70000080fa00000006000200fa00000f780030
:104d8000e0168000680060000000e00004003200cf
:104d900011428000d06329000100010003003700a8
:104da0001142800010642900010001000080fa0017
:104db000000006000800fa00300798000000eb0031
:104dc000100798000e80e80000017800b162290009
:104dd0003e0090006bf90700000f78001e0078007d
:104de0000000e00035003200f16229001e0078006a
:104df00009f907000000e00002003a00dc82a80088
:104e00002e003700216329001e00780002f90700f8
:104e10000000e00002003a00dc82a9002700370011
:104e2000616329001e007800fbf807000000e00025
:104e30000f003a00e01680007000600000f0a7004c
:104e40000000ea000000e9004f00de0000407800aa
:104e50000080fb00610060004400dd00e11680007e
:104e60000140a10001007000e01688001300370027
:104e700064004700800078001e007800ecf707000f
:104e80000000e0000d003a002e00900000f0a700a6
:104e90000000ea000000ea004f00de000040780059
:104ea0000080fb00610060004400dd00e11680002e
:104eb0000140a10001007000e01688000080fa00a7
:104ec000000006000200fa00000f7800e0168000e3
:104ed000700060000000e000040032001142800019
:104ee000d063290001000100030037001142800057
:104ef00010642900010001000080fa000000060093
:104f00000800fa00300798000000eb001007980036
:104f10000e80e80000017800b16229003e00900098
:104f200018f90700000f78001e0078000000e0006c
:104f300036003200f16229001e007800b6f8070042
:104f40000000e00002003a00dca2a8002f003700b9
:104f5000216329001e007800aff807000000e00080
:104f600002003a00dca2a900280037006163290092
:104f70001e007800a8f807000000e00010003a00ca
:104f8000e1168000000220000080600000f0a70011
:104f90000000ea000000e9004f00de000040780059
:104fa0000080fb00610060004500dd00e11680002c
:104fb0000150a10001007000e016880013003700c6
:104fc00064004700800078001e00780098f7070012
:104fd0000000e0000d003a002e00900000f0a70055
:104fe0000000ea000000ea004f00de000040780008
:104ff0000080fb00610060004500dd00e1168000dc
:105000000150a10001007000e01688000080fa0045
:10501000000006000200fa00000f7800e116800090
:1050200000022000008060000000e0000400320068
:1050300011428000d0632900010001000300370005
:105040001142800010642900010001000080fa0074
:10505000000006000800fa00300798000000eb008e
:10506000100798000e80e80000017800b162290066
:105070003e009000c3f80700000f78001e00780083
:105080000000e00036003200f16229001e007800c6
:1050900061f807000000e00002003a00dcc2a8004e
:1050a0002f003700216329001e0078005af80700fe
:1050b0000000e00002003a00dcc2a900280037002e
:1050c000616329001e00780053f807000000e0002b
:1050d00010003a00e116800000042000008060000b
:1050e00000f0a7000000ea000000e9004f00de0029
:1050f000004078000080fb00610060004600dd0099
:10510000e11680000160a10001007000e016880037
:105110001300370064004700800078001e0078000c
:1051200043f707000000e0000d003a002e00900059
:1051300000f0a7000000ea000000ea004f00de00d7
:10514000004078000080fb00610060004600dd0048
:10515000e11680000160a10001007000e0168800e7
:105160000080fa00000006000200fa00000f78003c
:10517000e116800000042000008060000000e000d4
:105180000400320011428000d063290001000100b8
:105190000300370011428000106429000100010063
:1051a0000080fa00000006000800fa0030079800ae
:1051b0000000eb00100798000e80e8000001780066
:1051c000816429003e0090006ef80700000f78000f
:1051d0001e0078000000e0000e003200640047006e
:1051e000800078001e00780011f707000000e00042
:1051f00008003a002117800000f82f00808060002e
:105200002e019000f00720000000610001007000f6
:10521000201788000080fa00000006000800fa004d
:105220003007980021178000f00720000080600000
:105230008e007800c3f70700114280000e0078004e
:1052400001000100114280005064290001000100aa
:105250000080fa00000006000800fa0030079800fd
:105260000000eb00100798000e80e80000017800b5
:10527000b16229003e00900042f80700000f78005c
:105280001e0078000000e00033003200f1622900c7
:105290001e007800e0f707000000e00002003a007e
:1052a000e402a8002c003700216329001e007800ca
:1052b000d9f707000000e00002003a00e402a9006c
:1052c00025003700616329001e007800d2f707002f
:1052d0000000e0000e003a0020178000610060002e
:1052e00000f0a7000000ea000000e9004f00de0027
:1052f000004078000080fb00610060002117800002
:105300000100a10001007000201788001200370082
:1053100064004700800078001e007800c4f6070093
:105320000000e0000c003a002e00900000f0a70002
:105330000000ea000000ea004f00de0000407800b4
:105340000080fb0061006000211780000100a100c7
:1053500001007000201788000080fa00000006009d
:105360000200fa00000f7800201780006100600042
:105370000000e0000400320011428000d0632900e8
:105380000100010003003700114280001064290071
:10539000010001000080fa00000006000800fa0089
:1053a000300798000000eb00100798000e80e8001e
:1053b00000017800b16229003e009000f1f707007b
:1053c000000f78001e0078000000e0003500320079
:1053d000f16229001e0078008ff707000000e0004e
:1053e00002003a00e422a8002e00370021632900c1
:1053f0001e00780088f707000000e00002003a0075
:10540000e422a90027003700616329001e0078000c
:1054100081f707000000e0000f003a00201780002d
:105420006200600000f0a7000000ea000000e90050
:105430004f00de00004078000080fb00610060004b
:1054400000004000211780000110a1000100700041
:1054500020178800130037006400470080007800a0
:105460001e00780072f607000000e0000d003a0010
:105470002e00900000f0a7000000ea000000ea0003
:105480004f00de00004078000080fb0061006000fb
:1054900000004000211780000110a10001007000f1
:1054a000201788000080fa00000006000200fa00c1
:1054b000000f780020178000620060000000e0000c
:1054c0000400320011428000d06329000100010075
:1054d0000300370011428000106429000100010020
:1054e0000080fa00000006000800fa00300798006b
:1054f0000000eb00100798000e80e8000001780023
:10550000b16229003e0090009ef70700000f78006e
:105510001e0078000000e00035003200f162290032
:105520001e0078003cf707000000e00002003a008f
:10553000e442a8002e003700216329001e007800f5
:1055400035f707000000e00002003a00e442a9003d
:1055500027003700616329001e0078002ef707003e
:105560000000e0000f003a00201780006400600097
:1055700000f0a7000000ea000000e9004f00de0094
:10558000004078000080fb00610060004200dd0008
:10559000211780000120a100010070002017880061
:1055a0001300370064004700800078001e00780078
:1055b0001ff607000000e0000d003a002e009000ea
:1055c00000f0a7000000ea000000ea004f00de0043
:1055d000004078000080fb00610060004200dd00b8
:1055e000211780000120a100010070002017880011
:1055f0000080fa00000006000200fa00000f7800a8
:1056000020178000640060000000e0000400320009
:1056100011428000d063290001000100030037001f
:105620001142800010642900010001000080fa008e
:10563000000006000800fa00300798000000eb00a8
:10564000100798000e80e80000017800b162290080
:105650003e0090004bf70700000f78001e00780016
:105660000000e00035003200f16229001e007800e1
:10567000e9f607000000e00002003a00e462a8003a
:105680002e003700216329001e007800e2f6070093
:105690000000e00002003a00e462a90027003700a1
:1056a000616329001e007800dbf607000000e000bf
:1056b0000f003a00201780006800600000f0a7008b
:1056c0000000ea000000e9004f00de000040780022
:1056d0000080fb00610060004300dd0021178000b6
:1056e0000130a1000100700020178800130037006e
:1056f00064004700800078001e007800ccf50700a9
:105700000000e0000d003a002e00900000f0a7001d
:105710000000ea000000ea004f00de0000407800d0
:105720000080fb00610060004300dd002117800065
:105730000130a10001007000201788000080fa00ed
:10574000000006000200fa00000f78002017800019
:10575000680060000000e000040032001142800098
:10576000d0632900010001000300370011428000ce
:1057700010642900010001000080fa00000006000a
:105780000800fa00300798000000eb0010079800ae
:105790000e80e80000017800b16229003e00900010
:1057a000f8f60700000f78001e0078000000e00007
:1057b00035003200f16229001e00780096f60700dd
:1057c0000000e00002003a00e482a8002e0037004a
:1057d000216329001e0078008ff607000000e0001a
:1057e00002003a00e482a900270037006163290023
:1057f0001e00780088f607000000e0000f003a0065
:10580000201780007000600000f0a7000000ea0090
:105810000000e9004f00de00004078000080fb003f
:10582000610060004400dd00211780000140a100fc
:105830000100700020178800130037006400470043
:10584000800078001e00780079f507000000e00075
:105850000d003a002e00900000f0a7000000ea00c2
:105860000000ea004f00de00004078000080fb00ee
:10587000610060004400dd00211780000140a100ac
:1058800001007000201788000080fa000000060068
:105890000200fa00000f78002017800070006000fe
:1058a0000000e0000400320011428000d0632900b3
:1058b000010001000300370011428000106429003c
:1058c000010001000080fa00000006000800fa0054
:1058d000300798000000eb00100798000e80e800e9
:1058e00000017800b16229003e009000a5f6070093
:1058f000000f78001e0078000000e0003600320043
:10590000f16229001e00780043f607000000e00065
:1059100002003a00e4a2a8002f003700216329000a
:105920001e0078003cf607000000e00002003a008c
:10593000e4a2a90028003700616329001e00780056
:1059400035f607000000e00010003a002117800043
:10595000000220000080600000f0a7000000ea00c4
:105960000000e9004f00de00004078000080fb00ee
:10597000610060004500dd00211780000150a1009a
:1059800001007000201788001300370064004700f2
:10599000800078001e00780025f507000000e00078
:1059a0000d003a002e00900000f0a7000000ea0071
:1059b0000000ea004f00de00004078000080fb009d
:1059c000610060004500dd00211780000150a1004a
:1059d00001007000201788000080fa000000060017
:1059e0000200fa00000f780021178000000220005a
:1059f000008060000000e0000400320011428000de
:105a0000d06329000100010003003700114280002b
:105a100010642900010001000080fa000000060067
:105a20000800fa00300798000000eb00100798000b
:105a30000e80e80000017800b16229003e0090006d
:105a400050f60700000f78001e0078000000e0000c
:105a500036003200f16229001e007800eef50700e2
:105a60000000e00002003a00e4c2a8002f00370066
:105a7000216329001e007800e7f507000000e00020
:105a800002003a00e4c2a90028003700616329003f
:105a90001e007800e0f507000000e00010003a006a
:105aa00021178000000420000080600000f0a700a3
:105ab0000000ea000000e9004f00de00004078002e
:105ac0000080fb00610060004600dd0021178000bf
:105ad0000160a1000100700020178800130037004a
:105ae00064004700800078001e007800d0f40700b2
:105af0000000e0000d003a002e00900000f0a7002a
:105b00000000ea000000ea004f00de0000407800dc
:105b10000080fb00610060004600dd00211780006e
:105b20000160a10001007000201788000080fa00c9
:105b3000000006000200fa00000f78002117800024
:105b400000042000008060000000e000040032003b
:105b500011428000d06329000100010003003700da
:105b60001142800010642900010001000080fa0049
:105b7000000006001000fa0070079800640047005b
:105b8000800078000e007800560a0700e1168000b9
:105b9000f007200000806000e800470069f507007a
:105ba00011428000680047000100010001428000ae
:105bb000c0c2b300010001002d070700e800470044
:105bc00060f50700114280006800470001000100f5
:105bd00001428000c0c2b30001000100fa060700c4
:105be000e800470057f507001142800068004700b1
:105bf0000100010001428000c0c2b30001000100a9
:105c00001e00be0000007800e80047004df50700c8
:105c1000114280006800470001000100014280003d
:105c2000c0c2b300010001001e00be004008de003b
:105c300000007800e800470042f5070011428000ac
:105c4000680047000100010001428000c0c2b300ab
:105c50000100010021178000f00720000080600093
:105c6000e800470037f50700114280006800470050
:105c70000100010001428000c0c2b3000100010028
:105c8000a7060700e80047002ef507001142800034
:105c9000680047000100010001428000c0c2b3005b
:105ca0000100010074060700e800470025f5070021
:105cb000114280006800470001000100014280009d
:105cc000c0c2b300010001002e009000be00900091
:105cd00000007800e80047001af507001142800034
:105ce000680047000100010001428000c0c2b3000b
:105cf000010001002e009000be0090004008de0070
:105d000000007800e80047000ef50700114280000f
:105d10006800470001000100114280005064290022
:105d2000010001000080fa00000006000800fa00ef
:105d3000300798000000eb0020079800640047003f
:105d400000017800b16229003e0090008df5070047
:105d5000100798001e0090000000e0001a003200ba
:105d60000000eb00000f7800140037001e007800e0
:105d7000c200dd00c0442100008040001000780017
:105d8000800078001e00900023f507000000e0006e
:105d900009003a001e0078004200dd008080e80023
:105da000c044210000804000900078002e00900048
:105db00001000100040037001e0fe8001e007800fb
:105dc000f00f5000e9ff36000080fa0000000600e6
:105dd0000400fa00100798001e0090000000e00088
:105de000070032008e0078001e00900010f40700bb
:105df0000000e00002003a001e007800e00f0700fb
:105e00000080fa00000006000400fa001007980065
:105e10001e0090000000e000070032008e007800b5
:105e20001e00900002f407000000e00002003a00ab
:105e30001e007800e90f07000080fa00000006004d
:105e40000400fa00100798001e0090000000e00017
:105e5000070032008e0078001e009000f4f3070067
:105e60000000e00002003a001e007800f20f070078
:105e70000080fa00000006000a00fa0040079800bf
:105e80000000eb0030079800660047000001780032
:105e9000816429004e0090003af50700000f780059
:105ea0001e0078000000e000110032003e0090006b
:105eb0000000e0000e0032000e80e8008000780054
:105ec0001e007800daf307000000e00008003a0046
:105ed0003e009000e4004700d5f307000000e0001a
:105ee00003003a00ae0090001e0090002010070052
:105ef0000080fa00000006000a00fa00400798003f
:105f00004e0090000000e0000d0032008e0078008e
:105f10004e009000c6f307000000e00008003a00c1
:105f20001e0078005a1007008e80e80085f40700f4
:105f30000e80e800d314070050642900d114070034
:105f40000080fa00000006000a00fa0040079800ee
:105f50000000eb0030079800660047000001780061
:105f6000816429004e00900006f50700000f7800bc
:105f70001e0078000000e000110032003e0090009a
:105f80000000e0000e0032000e80e8008000780083
:105f90001e007800a6f307000000e00008003a00a9
:105fa0003e009000e4004700a1f307000000e0007d
:105fb00003003a00ae0090001e0090005910070048
:105fc0000080fa00000006000a00fa00400798006e
:105fd0004e0090000000e0000d0032008e007800be
:105fe0004e00900092f307000000e00008003a0025
:105ff0001e007800931007008e80e80051f407001f
:106000000e80e8009f140700506429009d140700cb
:106010000080fa00000006000a00fa00400798001d
:106020000000eb0030079800660047000001780090
:10603000816429004e009000d2f40700000f780020
:106040001e0078000000e000110032003e009000c9
:106050000000e0000e0032000e80e80080007800b2
:106060001e00780072f307000000e00008003a000c
:106070003e009000e40047006df307000000e000e0
:1060800003003a00ae0090001e009000701107005f
:106090000080fa00000006000a00fa00400798009d
:1060a0004e0090000000e0000d0032008e007800ed
:1060b0004e0090005ef307000000e00008003a0088
:1060c0001e007800ea1207008e80e8001df4070029
:1060d0000e80e8006b140700506429006914070063
:1060e0000080fa00000006000a00fa00400798004d
:1060f0000000eb00300798006600470000017800c0
:10610000816429004e0090009ef40700000f780083
:106110001e0078000000e000110032003e009000f8
:106120000000e0000e0032000e80e80080007800e1
:106130001e0078003ef307000000e00008003a006f
:106140003e009000e400470039f307000000e00043
:1061500003003a00ae0090001e0090009f10070060
:106160000080fa00000006000a00fa0040079800cc
:106170004e0090000000e0000d0032008e0078001c
:106180004e0090002af307000000e00008003a00eb
:106190001e007800cf1007008e80e800e9f30700aa
:1061a0000e80e800371407005064290035140700fa
:1061b0000080fa00000006000a00fa00400798007c
:1061c0000000eb00300798006600470000017800ef
:1061d000816429004e0090006af40700000f7800e7
:1061e0001e0078000000e000110032003e00900028
:1061f0000000e0000e0032000e80e8008000780011
:106200001e0078000af307000000e00008003a00d2
:106210003e009000e400470005f307000000e000a6
:1062200003003a00ae0090001e0090002a10070004
:106230000080fa00000006000a00fa0040079800fb
:106240004e0090000000e0000d0032008e0078004b
:106250004e009000f6f207000000e00008003a004f
:106260001e0078003e1007008e80e800b5f307009e
:106270000e80e80003140700506429000114070091
:106280000080fa00000006000a00fa0040079800ab
:106290000000eb003007980066004700000178001e
:1062a000816429004e00900036f40700000f78004a
:1062b0001e0078000000e000110032003e00900057
:1062c0000000e0000e0032000e80e8008000780040
:1062d0001e007800d6f207000000e00008003a0037
:1062e0003e009000e4004700d1f207000000e0000b
:1062f00003003a00ae0090001e00900085100700d9
:106300000080fa00000006000a00fa00400798002a
:106310004e0090000000e0000d0032008e0078007a
:106320004e009000c2f207000000e00008003a00b2
:106330001e007800931007008e80e80081f30700ac
:106340000e80e800cf13070050642900cd1307002a
:106350000080fa00000006000a00fa0040079800da
:106360000000eb003007980066004700000178004d
:10637000816429004e00900002f40700000f7800ad
:106380001e0078000000e000110032003e00900086
:106390000000e0000e0032000e80e800800078006f
:1063a0001e007800a2f207000000e00008003a009a
:1063b0003e009000e40047009df207000000e0006e
:1063c00003003a00ae0090001e0090007d10070010
:1063d0000080fa00000006000800fa00300798006c
:1063e000100880008e00780056f307000e00780039
:1063f000a4130700c0c2b3006b130700200880007d
:106400008e0078004ff307000e0078009d13070000
:10641000506429009b1307000080fa00000006006a
:106420000800fa00300798000000eb0020079800f1
:106430006400470000017800b16229003e0090002e
:10644000d0f30700100798001e0090000000e00045
:106450001a0032000000eb00000f78001400370033
:106460001e007800c200dd000049210000804000cd
:1064700010007800800078001e00900066f307008e
:106480000000e00009003a001e0078004200dd0034
:106490008080e800004921000080400090007800e2
:1064a0002e00900001000100040037001e0fe800dc
:1064b0001e007800e20f5000e9ff36000080fa006d
:1064c000000006000800fa00300798000000eb000a
:1064d000100798000e80e80000017800b1622900e2
:1064e0003e009000a7f30700000f78001e00780020
:1064f0000000e00036003200f16229001e00780042
:1065000045f307000000e00002003a00e4e2a800c2
:106510002f003700216329001e0078003ef307009a
:106520000000e00002003a00e4e2a9002800370081
:10653000616329001e00780037f307000000e000c7
:1065400010003a0021178000000820000080600041
:1065500000f0a7000000ea000000e9004f00de00a4
:10656000004078000080fb00610060004700dd0013
:10657000211780000170a100010070002017880021
:106580001300370064004700800078001e00780088
:1065900027f207000000e0000d003a002e009000f6
:1065a00000f0a7000000ea000000ea004f00de0053
:1065b000004078000080fb00610060004700dd00c3
:1065c000211780000170a1000100700020178800d1
:1065d0000080fa00000006000200fa00000f7800b8
:1065e0002117800000082000008060000000e0000b
:1065f0000400320011428000d06329000100010034
:1066000003003700114280001064290001000100de
:106610000080fa00000006000200fa00000f780077
:10662000d1418000a0642300808f500002003a0016
:1066300020982300d04188000080fa000000060066
:106640000800fa00300798000000eb0020079800cf
:106650006400470000017800b16229003e0090000c
:1066600048f30700100798001e0090000000e000ab
:106670001a0032000000eb00000f78001400370011
:106680001e007800c200dd00c049210000804000eb
:1066900010007800800078001e009000def20700f5
:1066a0000000e00009003a001e0078004200dd0012
:1066b0008080e800c0492100008040009000780000
:1066c0002e00900001000100040037001e0fe800ba
:1066d0001e007800e20f5000e9ff36000080fa004b
:1066e000000006000a00fa00400798000000eb00d6
:1066f0003007980066004700000178008164290097
:106700004e0090001ff30700000f78001e00780075
:106710000000e000260032003e0090000000e00093
:10672000230032000e80e800800078001e00780010
:10673000bff107000000e0001d003a003e0090009d
:10674000e4004700baf107000000e00018003a003a
:1067500020042400003b88005400f8001e00900034
:10676000a00288002e0090008000eb000108bb0012
:106770001000fc0050052000303b8800a00a2000db
:10678000303b880061e7a800000000000000000026
:1067900000000000013b8000000028000080600035
:1067a0000000e000fbff3a0061c7a9005400f900b7
:1067b0000080fa00000006001400fa00100f980094
:1067c0000000eb00400798006800470000017800d7
:1067d000816429001e089000eaf20700000f78008b
:1067e0000e80e800800078001e00780090f107001d
:1067f0000000e00060003a006800470000017800f7
:10680000816429000000eb00def20700000f780031
:1068100064004700800078001e00780084f10700c3
:106820000000e00056003a006800470000017800d0
:10683000816429000000eb00d2f20700000f78000d
:1068400066004700800078001e00780078f107009d
:106850000000e0004c003a005400f8001e009000d8
:10686000a00288000000eb00100798003c003700f1
:106870002e0090001000ba00000f98000e509000fb
:106880000080fb00ea0047002ef207001142800062
:106890006a0047000100010001428000c0c2b3004d
:1068a000010001001e5090000080fb00ea0047003c
:1068b00024f20700114280006a0047000100010035
:1068c00001428000c0c2b300010001002e00900010
:1068d0001080ba00000f98000e5090000080fb005e
:1068e000ea00470017f20700114280006a004700e3
:1068f0000100010001428000c0c2b300010001009c
:106900001e5090000080fb00ea0047000df20700d7
:10691000114280006a004700010001001e00900043
:1069200064004000100798009e0090003e00900018
:10693000808f50000400310001428000c0c2b300cb
:10694000010001000300370011428000506429005b
:10695000010001002e0090000080e8002007980050
:106960009e0090003e009000808f5000c0ff3900d4
:106970005400f90005003700000000000300370054
:106980000000000001003700000000000080fa0055
:10699000000006000e00fa00600798000000eb00ff
:1069a00040079800680047000001780081642900d2
:1069b0006e00900073f20700100798006400470013
:1069c000800078001e00900019f107000000e00030
:1069d00098003a00680047000001780081642900af
:1069e0000000eb0067f20700100798006600470000
:1069f000800078001e0090000df107000000e0000c
:106a00008e003a0010002400003b88005400f8007b
:106a10002e009000a0028800be00900080ff2f0092
:106a200000806000200798000000eb00000f780055
:106a30000a0037002e0090001e0040008080eb000e
:106a40000108bb002e0090001e0040000000e8007e
:106a5000f10f20000188bb001e8fe800f007200026
:106a60009e007800808f5000f2ff360068004700db
:106a700000017800816429000000eb0041f207006a
:106a8000100798001e0090000000e0005100320046
:106a900064004700800078001e009000e4f00700ca
:106aa0000000e00003003a002e0090000040780053
:106ab0000100370000c0eb00204f9800680047003d
:106ac00000017800816429000000eb002df207002e
:106ad000100798001e0090000000e0003f00320008
:106ae00064004700800078001e009000d0f007008e
:106af0000000e00003003a002e0090000040780003
:106b00000100370000c0eb00304f9800de0090001d
:106b10003e0090000108bb006800470000017800bb
:106b2000816429000000eb0016f2070010079800ae
:106b30001e0090000000e0002a00320064004700c0
:106b4000800078001e009000b9f007000000e0000f
:106b500003003a002e00900000407800010037004a
:106b600000c0eb00204f980068004700000178004b
:106b7000816429000000eb0002f207001007980072
:106b80001e0090000000e000180032006400470082
:106b9000800078001e009000a5f007000000e000d3
:106ba00003003a002e0090000040780001003700fa
:106bb0000040eb00304f9800de0090003e00900057
:106bc0000188bb003e0090000080e800300798007c
:106bd000a6ff37000000000005003700000000009d
:106be0000300370000000000010037000000000033
:106bf0001000fc0050052000303b8800a00a200057
:106c0000303b880061e7a8000000000000000000a1
:106c100000000000013b80000000280000806000b0
:106c20000000e000fbff3a0061c7a9005400f90032
:106c300003003700000000000100370000000000e2
:106c40000080fa00000006000000fa00804a2100df
:106c50002042880000082000404288008052210025
:106c6000304288000008200050428800a0642300c1
:106c7000d04188003c28ef003e28ef00408d2500e1
:106c80000042880020942500104288000080fa000d
:106c9000000006000800fa00d1418000e0418000b9
:106ca000808f500006003200d0418000e041880013
:106cb00080522100304288000008200050428800a5
:106cc000f04180000000e00002003200f04180004e
:106cd000000001009d0607000000e00048003200af
:106ce000a50607002047980050428000e10f5000a1
:106cf0000d003a0080522100304288000008200038
:106d00005042880030428000ae4090000148780038
:106d10000000e80030428800504280000000e90096
:106d20005042880036003700ae40900050c2b30099
:106d300080cf50002a003a00805221009040780015
:106d400050c2b30080cf500018003a00514280007a
:106d5000f0072000808f500014003e003042800079
:106d6000ae409000014878000000e8003042880002
:106d7000304280008040eb0001487800b164290077
:106d80008052210024f107000000e00002003a00d8
:106d9000007b2300d04188008052210030428800cf
:106da0000008200050428800150037008052210062
:106db00030428800000820005042880030428000a5
:106dc000ae409000014878000000e80030428800a2
:106dd000504280000000e90050428800080037005f
:106de00030428000ae409000014878000000e8008a
:106df00030428800504280000000e9005042880084
:106e0000df1007000000e0004e0032000211070012
:106e10002047980040428000e10f50000d003a00ea
:106e2000804a21002042880000082000404288005b
:106e300020428000ae409000014878000000e80049
:106e400020428800404280000000e9004042880063
:106e50003c0037002e409000ed4f500031003a00ca
:106e6000204280008040eb0001487800408d2500e2
:106e70000042880020942500104288000000eb00aa
:106e8000300798006600470000017800b1622900d1
:106e9000804a21003bf10700200798002e00900057
:106ea0000000e0001a0032000000eb00000f780044
:106eb000140037001e007800c200dd0000322100ff
:106ec0000080400010007800800078002e009000c4
:106ed000d1f007000000e00009003a001e00780031
:106ee0004200dd008080e800003221000080400088
:106ef000900078003e00900001000100040037007f
:106f00001e0fe8001e007800e90f5000e9ff360070
:106f1000804a21002042880000082000404288006a
:106f20000800370020428000ae4090000148780001
:106f30000000e80020428800404280000000e90094
:106f400040428800d1418000e0418000808f5000a5
:106f5000010032003e28ef000080fa000000060029
:106f60000800fa00d1418000e0418000808f50008d
:106f700007003200d0418000e0418800dce2a90037
:106f800080522100304288000008200050428800d2
:106f9000f04180000000e00002003200f04180007b
:106fa00000000100e90507000000e0007c0032005d
:106fb000f10507002047980050428000e10f500083
:106fc0000d003a0080522100304288000008200065
:106fd0005042880030428000ae4090000148780066
:106fe0000000e80030428800504280000000e900c4
:106ff000504288006a003700ae40900050c2b30093
:1070000080cf50002a003a00805221009040780042
:1070100050c2b30080cf500018003a0051428000a7
:10702000f0072000808f500014003e0030428000a6
:10703000ae409000014878000000e800304288002f
:10704000304280008040eb000148780091652900c3
:107050008052210070f007000000e00002003a00ba
:10706000a0642300d0418800805221003042880073
:10707000000820005042880049003700805221005b
:1070800030428800000820005042880030428000d2
:10709000ae409000014878000000e80030428800cf
:1070a000504280000000e900504288003c00370058
:1070b0002e409000ed4f500031003a0030428000e9
:1070c0008040eb0001487800e03a2400004288004c
:1070d000403c2400104288000000eb00300798007c
:1070e0006600470000017800b1622900805221004b
:1070f000a4f00700200798002e0090000000e00098
:107100001a0032000000eb00000f78001400370076
:107110001e007800c200dd00003221000080400027
:1071200010007800800078002e0090003af00700f0
:107130000000e00009003a001e0078004200dd0077
:107140008080e8000032210000804000900078003c
:107150003e00900001000100040037001e0fe8000f
:107160001e007800e90f5000e9ff36008052210030
:107170003042880000082000504288000800370094
:1071800030428000ae409000014878000000e800e6
:1071900030428800504280000000e90050428800e0
:1071a000f70f07000000e0004e0032001a10070041
:1071b0002047980040428000e10f50000d003a0047
:1071c000804a2100204288000008200040428800b8
:1071d00020428000ae409000014878000000e800a6
:1071e00020428800404280000000e90040428800c0
:1071f0003c0037002e409000ed4f500031003a0027
:10720000204280008040eb0001487800408d25003e
:107210000042880020942500104288000000eb0006
:10722000300798006600470000017800b16229002d
:10723000804a210053f00700200798002e0090009c
:107240000000e0001a0032000000eb00000f7800a0
:10725000140037001e007800c200dd00003221005b
:107260000080400010007800800078002e00900020
:10727000e9ef07000000e00009003a001e00780076
:107280004200dd008080e8000032210000804000e4
:10729000900078003e0090000100010004003700db
:1072a0001e0fe8001e007800e90f5000e9ff3600cd
:1072b000804a2100204288000008200040428800c7
:1072c0000800370020428000ae409000014878005e
:1072d0000000e80020428800404280000000e900f1
:1072e00040428800d1418000e0418000808f500002
:1072f000020032003e28ef00dce2a8000080fa0025
:10730000000006000400fa00d1418000e041800046
:10731000808f500004003200d0418000e04188009e
:107320004c28ef00ec02a900f04180000000e000d2
:1073300002003200f041800000000100900f0700c1
:107340000000e00028003200b30f0700204798003b
:10735000ae40900000c6b30080cf500009003a0054
:10736000604280000000e8006042880060428000c7
:10737000e30f50001c003a00a0642300d0418800b5
:1073800019003700ae40900000c6b30080cf500017
:1073900012003200604280000000e0000f00320066
:1073a0000000eb00000f78000300370000c6b300b8
:1073b000190507001e0fe800604280009e0078005b
:1073c000808f5000f9ff39002e4090001205070011
:1073d000080507004c28ef00030037002e409000fe
:1073e0000d05070003050700fe0407000000e0008c
:1073f00002003200280507006b0f0700d141800012
:10740000e0418000808f5000020032003e28ef00f3
:10741000ec02a8000080fa00000006000000fa005c
:1074200000102000303a88004227a80049e7a80051
:10743000e224ef00e424ef00e624ef00ea24ef006a
:10744000ec24ef00e204a800c802a800ed24a80084
:10745000f122a80010082800002288004224ef0032
:10746000e3a4a800c9a2a8001008280020228800d0
:107470004624ef00dce2a800d8e2a900ec02a80054
:10748000e802a900ec22a800e822a900d1e2a800a5
:10749000d582a900d182a900d802a900dc02a900e6
:1074a000d822a900dc22a900d842a900dc42a90008
:1074b000d862a900dc62a900d882a900dc82a900f8
:1074c000d8a2a900dca2a900d8c2a900dcc2a900e8
:1074d000e002a900e402a900e022a900e422a90038
:1074e000e042a900e442a900e062a900e462a90028
:1074f000e082a900e482a900e0a2a900e4a2a90018
:10750000e0c2a900e4c2a900f0e2a900f2e2a900e9
:10751000c882a900ca82a900c8c2a900cac2a9001b
:10752000c8e2a900cae2a900f0e72300a00c880085
:10753000f0f32100b00c88009821ef00f0e7230061
:10754000f00c8800f0f32100000d8800a221ef006c
:10755000f0e72300400d8800f0f32100500d880073
:10756000ac21ef00f0e72300900d8800f0f321003c
:10757000a00d8800b621ef0000012000200888003f
:10758000f0c32900100888000021ef0005e1a800e1
:107590000400070071010700100407000080fa00d2
:1075a000000006000400fa00d902a900dd02a800cc
:1075b000d962a900dd62a800d942a900dd42a90074
:1075c000d922a800006c2000000f7800006820007d
:1075d00010079800113a8000f00b20000081600035
:1075e0006004200071052000237420008049780089
:1075f00081497800824978001e0090008002b00026
:1076000041c0b300014878009e00780063804000cc
:1076100071c0b300014878009e0078006c80400083
:1076200081c0b30001487800103a80000001780062
:107630000260a00060042000710520002374200077
:10764000804978008149780082497800b01720008d
:10765000101288004422ef00000028000012880069
:107660004e28ef005028ef005228ef005428ef007a
:107670000080fa00000006000000fa00704280005e
:107680000080fa00000006000400fa0010079800cd
:107690009e00900071428800dd02a90000012000d8
:1076a00040128800000000000012800061006000ad
:1076b0000000e000fcff320041128000010f780062
:1076c000704280004800de00401288000000000088
:1076d00000128000610060000000e000fcff32004a
:1076e00041128000010f780071428000f00f2000ed
:1076f000008060004012880000000000001280003e
:10770000610060000000e000fcff320041128000d8
:10771000010f7800dd02a8000080fa0000000600da
:107720000000fa00804280000080fa00000006009d
:107730000400fa00100798009e0090008142880023
:10774000dd02a90020012000401288000000000096
:1077500000128000610060000000e000fcff3200c9
:1077600041128000010f7800804280004800de0056
:1077700040128800000000000012800061006000dc
:107780000000e000fcff320041128000010f780091
:1077900081428000f00f20000080600040128800cd
:1077a0000000000000128000610060000000e000a6
:1077b000fcff320041128000010f7800dd02a800ba
:1077c0000080fa00000006000000fa0090428000ed
:1077d0000080fa00000006000400fa00100798007c
:1077e0009e00900091428800dd02a9004001200027
:1077f000401288000000000000128000610060005c
:107800000000e000fcff320041128000010f780010
:10781000904280004800de00401288000000000016
:1078200000128000610060000000e000fcff3200f8
:1078300041128000010f780091428000f00f20007b
:1078400000806000401288000000000000128000ec
:10785000610060000000e000fcff32004112800087
:10786000010f7800dd02a8000080fa000000060089
:107870000000fa00a04280000080fa00000006002c
:107880000400fa00100798009e009000a1428800b2
:10789000dd02a90060012000401288000000000005
:1078a00000128000610060000000e000fcff320078
:1078b00041128000010f7800a04280004800de00e5
:1078c000401288000000000000128000610060008b
:1078d0000000e000fcff320041128000010f780040
:1078e000a1428000f00f200000806000401288005c
:1078f0000000000000128000610060000000e00055
:10790000fcff320041128000010f7800dd02a80068
:107910000080fa00000006000600fa001007980038
:1079200021079800ae00900091428800dd02a90076
:10793000400020004012880000000000001280007b
:10794000610060000000e000fcff32004112800096
:10795000010f7800904280004800de00401288004d
:107960000000000000128000610060000000e000e4
:10797000fcff320041128000010f7800914280002c
:10798000f00f20000080600040128800000000001e
:1079900000128000610060000000e000fcff320087
:1079a00041128000010f7800dd02a8009e009000c7
:1079b000a1428800dd02a900600220004012880078
:1079c0000000000000128000610060000000e00084
:1079d000fcff320041128000010f7800a0428000bd
:1079e0004800de0040128800000000000012800005
:1079f000610060000000e000fcff320041128000e6
:107a0000010f7800a1428000f00f2000008060008c
:107a10004012880000000000001280006100600039
:107a20000000e000fcff320041128000010f7800ee
:107a3000dd02a8000080fa00000006000600fa003f
:107a40001007980021079800ae009000714288004e
:107a5000dd02a9004822ef000000000000128000b3
:107a6000610060000000e000fcff32004112800075
:107a7000010f7800704280004800de00401288004c
:107a80000000000000128000610060000000e000c3
:107a9000fcff320041128000010f7800714280002b
:107aa000f00f2000008060004012880000000000fd
:107ab00000128000610060000000e000fcff320066
:107ac00041128000010f7800dd02a8009e009000a6
:107ad00081428800dd02a9002002200040128800b7
:107ae0000000000000128000610060000000e00063
:107af000fcff320041128000010f780080428000bc
:107b00004800de00401288000000000000128000e3
:107b1000610060000000e000fcff320041128000c4
:107b2000010f780081428000f00f2000008060008b
:107b30004012880000000000001280006100600018
:107b40000000e000fcff320041128000010f7800cd
:107b5000dd02a8000080fa00000006000000fa0024
:107b6000f102a900f502a900e8a2a900eca2a80070
:107b7000e862a900ec62a800c9e2a900cbe2a90072
:107b8000c9c2a900cbc2a900e882a8001021ef0059
:107b900030662000600888000080fa0000000600bf
:107ba0000400fa005628ef005828ef00ff3ffc00c1
:107bb000f502a8008b00090000000000eca2a9005b
:107bc0008000eb00cbe2a800501780000040a3002b
:107bd000cbe2a9000180b0008100d000cbe2a80078
:107be000501780000040a300cbe2a9000180b00044
:107bf0008100d000cbe2a800501780000040a30015
:107c0000cbe2a9000180b0008100d000cbe2a80047
:107c1000501780000040a300cbe2a9000180b00013
:107c20008100d000cbe2a800501780000040a300e4
:107c3000cbe2a9000180b0008100d000cbe2a80017
:107c4000501780000040a300cbe2a9000180b000e3
:107c50008100d000cbe2a800501780000040a300b4
:107c6000cbe2a9000180b0008100d000cbe2a800e7
:107c7000501780000040a300cbe2a9000180b000b3
:107c80008100d000cbe2a800501780000040a30084
:107c9000cbe2a9000180b0008100d000cbe2a800b7
:107ca000501780000040a300cbe2a9000180b00083
:107cb0008100d000cbe2a800501780000040a30054
:107cc000cbe2a9000180b0008100d000cbe2a80087
:107cd000501780000040a300cbe2a9000180b00053
:107ce0008100d000cbe2a800501780000040a30024
:107cf000cbe2a9000180b0008100d000cbe2a80057
:107d0000501780000040a300cbe2a9000180b00022
:107d10008100d000cbe2a800501780000040a300f3
:107d2000cbe2a9000180b0008100d000cbe2a80026
:107d3000501780000040a300cbe2a9000180b000f2
:107d40000001eb00cbe2a800501780000040a30028
:107d5000cbe2a9000280b0000201d000cbe2a80073
:107d6000501780000040a300cbe2a9000280b000c1
:107d70004e11dd00eca2a800b1428800c24288008a
:107d8000f502a9005220ef00b242800012079800cd
:107d9000c2428000020f78001e01be00421add00c0
:107da0004e10de0000007200ce98de000080fa0067
:107db000000006000400fa005628ef005828ef00e3
:107dc000ff3ffc00f502a8008b0009000000000046
:107dd000ec62a9008000eb00cbe2a8005017800005
:107de0000040a300cbe2a9000180b0008100d000d8
:107df000cbe2a800501780000040a300cbe2a9000e
:107e00000180b0008100d000cbe2a80050178000b4
:107e10000040a300cbe2a9000180b0008100d000a7
:107e2000cbe2a800501780000040a300cbe2a900dd
:107e30000180b0008100d000cbe2a8005017800084
:107e40000040a300cbe2a9000180b0008100d00077
:107e5000cbe2a800501780000040a300cbe2a900ad
:107e60000180b0008100d000cbe2a8005017800054
:107e70000040a300cbe2a9000180b0008100d00047
:107e8000cbe2a800501780000040a300cbe2a9007d
:107e90000180b0008100d000cbe2a8005017800024
:107ea0000040a300cbe2a9000180b0008100d00017
:107eb000cbe2a800501780000040a300cbe2a9004d
:107ec0000180b0008100d000cbe2a80050178000f4
:107ed0000040a300cbe2a9000180b0008100d000e7
:107ee000cbe2a800501780000040a300cbe2a9001d
:107ef0000180b0008100d000cbe2a80050178000c4
:107f00000040a300cbe2a9000180b0008100d000b6
:107f1000cbe2a800501780000040a300cbe2a900ec
:107f20000180b0008100d000cbe2a8005017800093
:107f30000040a300cbe2a9000180b0008100d00086
:107f4000cbe2a800501780000040a300cbe2a900bc
:107f50000180b0000001eb00cbe2a80050178000c8
:107f60000040a300cbe2a9000280b0000201d000d3
:107f7000cbe2a800501780000040a300cbe2a9008c
:107f80000280b0004e11dd00ec62a800b142880012
:107f9000c2428800f502a9005220ef00b2428000e0
:107fa00012079800c2428000020f78001e01be0036
:107fb000421add004e10de0000007200ce98de0096
:107fc0000080fa00000006000800fa002007980070
:107fd000310798005628ef005828ef00ff3ffc00bb
:107fe000f502a8008b00090000000000eca2a90027
:107ff0008000eb00cbe2a800501780000040a300f7
:10800000cbe2a9000180b0008100d000cbe2a80043
:10801000501780000040a300cbe2a9000180b0000f
:108020008100d000cbe2a800501780000040a300e0
:10803000cbe2a9000180b0008100d000cbe2a80013
:10804000501780000040a300cbe2a9000180b000df
:108050008100d000cbe2a800501780000040a300b0
:10806000cbe2a9000180b0008100d000cbe2a800e3
:10807000501780000040a300cbe2a9000180b000af
:108080008100d000cbe2a800501780000040a30080
:10809000cbe2a9000180b0008100d000cbe2a800b3
:1080a000501780000040a300cbe2a9000180b0007f
:1080b0008100d000cbe2a800501780000040a30050
:1080c000cbe2a9000180b0008100d000cbe2a80083
:1080d000501780000040a300cbe2a9000180b0004f
:1080e0008100d000cbe2a800501780000040a30020
:1080f000cbe2a9000180b0008100d000cbe2a80053
:10810000501780000040a300cbe2a9000180b0001e
:108110008100d000cbe2a800501780000040a300ef
:10812000cbe2a9000180b0008100d000cbe2a80022
:10813000501780000040a300cbe2a9000180b000ee
:108140008100d000cbe2a800501780000040a300bf
:10815000cbe2a9000180b0008100d000cbe2a800f2
:10816000501780000040a300cbe2a9000180b000be
:108170000001eb00cbe2a800501780000040a300f4
:10818000cbe2a9000280b0000201d000cbe2a8003f
:10819000501780000040a300cbe2a9000280b0008d
:1081a0004e11dd00eca2a800b1428800c242880056
:1081b000b042800010079800c0428000000f780095
:1081c0001e00be004209dd004e02de000402710006
:1081d000ce8ade002e0090000488be005628ef00f4
:1081e0005828ef00ec62a9008000eb00cbe2a80069
:1081f000501780000040a300cbe2a9000180b0002e
:108200008100d000cbe2a800501780000040a300fe
:10821000cbe2a9000180b0008100d000cbe2a80031
:10822000501780000040a300cbe2a9000180b000fd
:108230008100d000cbe2a800501780000040a300ce
:10824000cbe2a9000180b0008100d000cbe2a80001
:10825000501780000040a300cbe2a9000180b000cd
:108260008100d000cbe2a800501780000040a3009e
:10827000cbe2a9000180b0008100d000cbe2a800d1
:10828000501780000040a300cbe2a9000180b0009d
:108290008100d000cbe2a800501780000040a3006e
:1082a000cbe2a9000180b0008100d000cbe2a800a1
:1082b000501780000040a300cbe2a9000180b0006d
:1082c0008100d000cbe2a800501780000040a3003e
:1082d000cbe2a9000180b0008100d000cbe2a80071
:1082e000501780000040a300cbe2a9000180b0003d
:1082f0008100d000cbe2a800501780000040a3000e
:10830000cbe2a9000180b0008100d000cbe2a80040
:10831000501780000040a300cbe2a9000180b0000c
:108320008100d000cbe2a800501780000040a300dd
:10833000cbe2a9000180b0008100d000cbe2a80010
:10834000501780000040a300cbe2a9000180b000dc
:108350008100d000cbe2a800501780000040a300ad
:10836000cbe2a9000180b0000001eb00cbe2a80045
:10837000501780000040a300cbe2a9000280b000ab
:108380000201d000cbe2a800501780000040a300fb
:10839000cbe2a9000280b0004e11dd00ec62a80023
:1083a000b1428800c2428800b042800010079800a5
:1083b000c0428000000f78001e00be00420add00af
:1083c0004e01de0002017200ce89de003e00900008
:1083d0000288be00f502a9005220ef000080fa00da
:1083e000000006000600fa0084e0a9000621ef0064
:1083f00011e1a8006000b800008fbe00300a200024
:10840000200798000d003700e5fd07001e0f400013
:108410005e97480000000000210480000008200052
:10842000008060000000e000fbff320084e0a90053
:108430002e0090000000e900200798002e00900018
:108440000000e000f0ff3a0011e1a9001e00be00ac
:10845000320a200003002000ece807000080fa0048
:10846000000006000600fa0084e0a9000621ef00e3
:1084700011e1a8006000b800008fbe00300a2000a3
:10848000200798000d0037004afe07001e0f40002d
:108490005e974800000000002104800000082000d2
:1084a000008060000000e000fbff320084e0a900d3
:1084b0002e0090000000e900200798002e00900098
:1084c0000000e000f0ff3a0011e1a9001e00be002c
:1084d000320a200003002000cce807000080fa00e8
:1084e000000006000e00fa0050079800610798008f
:1084f00084e0a9000621ef0011e1a8005e019000d0
:108500006000b8000089be006e0190006000b800f5
:108510000089be00300a2000000f78001b003700e1
:10852000e60047000e80e800a7fe07005e0090000e
:108530001001be001e009000ae009000020040003e
:10854000838048005e0190000089be006e009000ac
:108550001001be003e009000ce00900002004000de
:10856000838048006e0190000089be00000000007a
:108570002104800000082000008060000000e0006e
:10858000fbff320084e0a9001e0fe9001e00780006
:108590000000e000e2ff3a0011e1a9005e00900057
:1085a0001000be00320a20000300200097e80700f8
:1085b0005e0190000089be006e0090001000be00b9
:1085c000320a20000300200090e807006e019000ae
:1085d0000089be000080fa00000006000600fa00d4
:1085e000006c200010079800006820002007980009
:1085f000e0e2a900e4e2a800c822a900ca22a8007b
:10860000c842a800f0c2a900f2c2a800c8a2a800ef
:10861000113a8000f00b200000816000600420000f
:10862000710520002374200080497800814978007a
:10863000824978002e0090004002b000d1c0b30003
:10864000014878001e0090000000e80031c0b3002f
:10865000014878002e0090005002b00021c1b30004
:10866000014878001e0090007500400041c0b30032
:1086700001487800103a8000000178000260a000f4
:1086800060042000710520002374200080497800d8
:10869000814978008249780080002000001188001c
:1086a00020022000401188002088200070438800ac
:1086b00000402000804388000000eb0090438800c9
:1086c0000000eb00a04388000000eb00b0438800ee
:1086d00000302000d042880020c82000c04388001d
:1086e00000402000d04388000000eb00e0438800f9
:1086f0000000eb00f04388000000eb00004488001d
:1087000023e2a90023a2a8008580a9009580a800e3
:108710008560a9009560a80021e2a8002342a80076
:10872000e4e2a900803e2000000f7800010037003d
:108730001e0fe9001e0078000000e000fcff3a0078
:10874000e4e2a8000080fa00000006000000fa0041
:10875000240007000080fa00000006000200fa0072
:10876000004f78001e4078002b0007002100070012
:108770000080fa00000006000000fa004600070032
:108780000080fa00000006000200fa00000f7800e6
:108790001e0078005a000700160007000080fa004b
:1087a000000006000000fa000000eb000080fa0064
:1087b000000006000200fa00004f78000080fa0076
:1087c000000006000000fa000040eb000080fa0004
:1087d000000006000200fa00000f78000080fa0096
:1087e000000006000000fa00004480000080fa004b
:1087f000000006000000fa00111180000040200077
:10880000008060000000e00001003a002342a80060
:108810000080fa00000006000200fa00004f780015
:1088200000000000b143800080438000808f500032
:10883000fcff3200ff3ffc0071438000a04380003a
:10884000008040001e487800a04380000000e8003f
:10885000a0438800a143800080438000808f5000a7
:1088600002003a000000eb00a0438800b043800003
:108870000000e800b04388005220ef00b1438000c0
:10888000d0428000808f5000010039002342a800b0
:108890000080fa00000006000200fa00000000005c
:1088a000004480000000e000fdff3200ff3ffc00bc
:1088b000c1438000e043800000804000104f7800fa
:1088c000e04380000000e800e0438800e1438000ce
:1088d000d0438000808f500002003a000000eb007f
:1088e000e0438800004480000000e9000044880064
:1088f0005220ef001e4078000080fa0000000600c1
:108900000200fa00000f7800040037001e00780013
:10891000104078001e0fe800bfff07001e0078001f
:10892000104078000004e000f8ff3a00b1ff0700b3
:108930000080fa00000006000400fa00000f780032
:10894000110798001e0090000000e0001a0032009d
:108950001e009000e10f500004003a001e00780055
:108960008040eb000148780014003700caff070080
:108970009e007800804878001e0078001040780043
:10898000ed4f5000080032001e009000e10f500033
:10899000050032001e0fe8001e0090000000e900f4
:1089a00010079800f1ff37001e0078008040eb00b0
:1089b0000148780001003700000000000080fa0044
:1089c000000006000800fa00200798003107980010
:1089d0003e0090000000e0006f0032003e0090007a
:1089e000e10f500004003a002e0090008040eb00a0
:1089f0000148780069003700b0c1b30086ff070066
:108a000070c3b30084ff07007aff0700ae00900038
:108a100011079800be009000010f78000300370096
:108a20000000000001003700000000009aff07006e
:108a3000ae009000804878002e0090001040780032
:108a4000ed4f500009003a002e0090008040eb00ee
:108a500001487800a0c0b3006fff0700d0c0b3008a
:108a60006dff070063ff07004c0037002e009000e9
:108a700010407800fb4f500010003a00b0c1b30026
:108a800065ff070080c3b30063ff0700b0c1b300f8
:108a900061ff0700b0c5b3005fff0700b0c4b300bb
:108aa0005dff070053ff07009e009000210798001c
:108ab000be009000010f7800360037002e009000b5
:108ac00010407800e84f5000050032002e00900062
:108ad00090407800f0c7b30080cf500014003a00f7
:108ae000ae0090001e009000808f50000c003600f9
:108af00080c0b30048ff070000c2b30046ff070074
:108b000080c0b30044ff07003aff07002e0090002a
:108b10000000e900200798001e0fe800030037005e
:108b200070c0b3003cff070032ff07001900370098
:108b30001e007800e10f500004003a0070c0b3003e
:108b400035ff07002bff0700120037002e009000b2
:108b500010407800ff4f5000b1ff36002e0090000b
:108b600090407800e0c7b30080cf5000aeff3e00d9
:108b70002e0090001040780027ff07001dff07001f
:108b80002e0090000000e800200798001e0fe9006a
:108b9000a6ff3700a5ff3700000000000080fa00a4
:108ba000000006000600fa0040479800a04a200096
:108bb00010079800ce409000014f78001300370056
:108bc0001e80fb00000040009e00900000804000de
:108bd0008000eb00010878001e80fb008000400050
:108be000605b2100008040008000eb0001087800fd
:108bf0001e80fb0080004000605d2100008040007e
:108c00008000eb00010878001e4fe8001e4078004d
:108c1000ef4f5000eaff36000080fa000000060027
:108c20000000fa00a05a2100104078000080fb00ec
:108c3000b0248800b02480000000e00003003a0067
:108c400010c0b30030e8b7000200370020c0b30006
:108c500030e8b7000000eb00b0ad88000080fa00fb
:108c6000000006000000fa009ec0a9009424a8009d
:108c70009624ef00f00f2000702488009424a900af
:108c80000040eb00c7ff0700d000200050258800ff
:108c90000060210001c4b300014878000068210091
:108ca00010b088001060210081c8b300014878002e
:108cb000006c210030b088005060210081c0b300fa
:108cc00001487800a624ef00a824ef0000602100ee
:108cd0004800de00c02488008644a80086e4a8007e
:108ce0008804a80094a4a9002d68ef003068ef0064
:108cf00010c0b3002ee8b700805a210080c0eb00fe
:108d000001487800905a210080c0eb0001487800ab
:108d10000000eb0090ad88000000eb00a0ad8800e3
:108d200000000000a12480000004200000806000fa
:108d30000000e000fbff3a000080fa00000006009f
:108d40000400fa0050248000620060000000e0008f
:108d500005003200f00f2000702488002000200061
:108d600050248800ba00370050248000640060005e
:108d70000000e00003003200400020005024880082
:108d8000b300370050248000700060000000e00055
:108d9000030032000001200050248800ac0037009e
:108da0005124800000022000008060000000e000ec
:108db000030032000002200050248800a400370085
:108dc0005124800000082000008060000000e000c6
:108dd0000300320000082000502488009c00370067
:108de00050248000610060000000e0002700320095
:108df0002d68ef0008003700800020005024880014
:108e00000000000000000000000000000000000062
:108e10000000000000000000502480006800600096
:108e20000000e000f4ff3a000040eb005dff0700a7
:108e30000060210001c4b3000148780000682100ef
:108e400010b088001060210081c8b300014878008c
:108e5000006c210030b088005060210081c0b30058
:108e6000014878009624ef00f00f2000502488007d
:108e7000d00020005025880010c0b30030e8b700b3
:108e800010c0b3002ee8b7007100370050248000f6
:108e9000680060000000e0006d0032009024800057
:108ea0004300de00c200dd0000602100008f4000b2
:108eb0001e0078001040900021e8b7001e007800e6
:108ec0001040780020e8b7001e00780010009000e5
:108ed0001041880090248000004078002fe8b700ff
:108ee00080002000502488002c68ef0021c8bf00bb
:108ef0008080fb00c0032000008060004102200051
:108f0000810f50000800320041032000810f500003
:108f100003003200e40f5000170032003d0037001c
:108f20004e0007003b0037002fc8bf000080fb0049
:108f30004400de00204798002e4090000080fb0097
:108f400080004000605b210000804000100078003d
:108f50000000e0002e0032002e4090000080fb0058
:108f600080004000605b210000804000100078001d
:108f700000000100270037002fc8bf000080fb0061
:108f80004400de00204798002e4090000080fb0047
:108f900080004000605d21000080400010007800eb
:108fa0000000e000070032002e4090000080fb002f
:108fb00080004000605d21000080400010007800cb
:108fc000000001002e4090000004e00011003a0073
:108fd00090ad80000000e0000e003a00006021002b
:108fe00001c4b300014878001060210081c8b300bb
:108ff00001487800406021008040eb000148780083
:109000005060210081ccb300014878000100370096
:10901000000000002cc8bf000080fb006100600061
:10902000004078000004e0000900320000602100e8
:1090300001c4b300014878005060210041c8b3006a
:10904000014878001060210041c8b3000148780051
:109050008ec0a9000080fa00000006000200fa009d
:1090600011418000010f78001e00780090407800c8
:1090700040822000014878001e0fe8001e007800a2
:109080009040780040822000114098001e0fe800b8
:109090001e00780090407800408220002140980017
:1090a0001e0fe8001e0078009040780040822000eb
:1090b000314098001e0fe8001e00780090407800b4
:1090c00040822000414098001e0fe8001e007800fa
:1090d0009040780040822000514098001e0fe80028
:1090e0001e00780090407800408220006140980087
:1090f0001e0fe8001e00780090407800408220009b
:10910000714098001e0fe8000060210001c4b30008
:10911000014878005060210081c0b3000148780008
:1091200040822000104078000004e0000600350076
:1091300040822000300090000000e0000200320079
:1091400080ccb3000100370080c8b300116021005b
:109150008048780094a4a900805a210080c0eb00c8
:1091600001487800905a210080c0eb000148780047
:109170000000eb0090ad88000000eb00a0ad88007f
:1091800040822000104078008080fb000006200014
:109190000080600001022000810f500011003200a9
:1091a00001042000810f5000040032000000e000a4
:1091b00016003a001a00070017003700c04180006f
:1091c0000000e00003003200c04180000000010008
:1091d000110037002cc8bf000004a0002ce8b70025
:1091e0000d003700b04180000000e00003003200b5
:1091f000b041800000000100070037002cc8bf000c
:109200000004a0002ce8b700030037002cc8bf0002
:109210000004a0002ce8b7000080fa00000006005f
:109220000600fa0040822000104090000080fb0001
:10923000e60f50007d013200e60f50000c003c00ac
:10924000e10f5000c1003200e10f500003003c006c
:109250000000e0001200320048023700e30f500027
:10926000ba003200e50f50004e01320043023700d1
:10927000e90f5000e3013200e90f500003003c0009
:10928000e80f5000d40132003c023700ea0f5000d2
:10929000fe013200eb0f5000170232003702370098
:1092a00040822000104078000080fb007f006000ba
:1092b000e10f500013003200e20f50003200320084
:1092c0000000e0009c003a0030b08000e182200005
:1092d000914078000148780030b080000000e8003c
:1092e0008040eb00014878004060210021c0b300bd
:1092f000014878005060210081ccb300014878001b
:109300009100370030c8bf000080fb00e20f500022
:1093100003003200e30f500005003200190037004f
:109320002cc8bf000004a0002ce8b70015003700cf
:109330004082200040409000e14f50000e003e006f
:1093400030b080008040eb000148780030b08000f1
:109350000000e8008040eb000148780040602100f8
:1093600021c0b300014878005060210081ccb300d7
:1093700001487800030037002cc8bf000004a0009b
:109380002ce8b7007000370030c8bf000080fb0039
:10939000e20f500003003200e30f500029003200ba
:1093a0006100370040822000404090000080fb00b8
:1093b0006f0060000000e0001e003a0031b0800045
:1093c00040822000404090000004e00007003d0083
:1093d00050602100104078000080fb0064006000b5
:1093e0004280de0000407800060037001060210057
:1093f000104078000080fb00640060004280de00c6
:10940000004078008048780030b080000000e8001c
:109410008040eb00014878004060210021c0b3008b
:10942000014878005060210081ccb30001487800e9
:10943000030037002cc8bf000004a0002ce8b700d0
:109440003c003700a04a2000000f78004082200036
:10945000404090006f406000204798002e409000f0
:109460000080fb0000004000800078004082200067
:10947000404090000000fb004f00de000100700043
:10948000c200dd000060210000804000200798003d
:109490002e4090000080fb00000040001e004000b5
:1094a0009000780040822000404090000004e000de
:1094b00002003d0040002000010037008000200035
:1094c000008060000000e0001300320030b0800037
:1094d000ae009000914090008180fb00e48060002d
:1094e000c288de00814078000148780030b08000fa
:1094f0000000e8008040eb00014878004060210057
:1095000021c0b300014878005060210081ccb30035
:1095100001487800030037002cc8bf000004a000f9
:109520002ce8b700030037002cc8bf000004a000df
:109530002ce8b700040037002cc8bf000004a000ce
:109540002ce8b700920137009101370040822000db
:10955000104078000080fb007f0060000000e00009
:1095600003003200e20f50001c0032008800370078
:1095700040822000204090000080fb00e10f50005e
:1095800012003a004082200010409000e14f50004d
:1095900004003a002ec8bf000004a1002ee8b70066
:1095a000030037002ec8bf000004a0002ee8b7005b
:1095b000406021008040eb000148780050602100ad
:1095c00081ccb30001487800030037002cc8bf00ed
:1095d0000004a0002ce8b7007100370030c8bf00bd
:1095e0000080fb00e20f500003003200e30f500048
:1095f000120032006200370040822000404090009c
:109600000080fb006f0060000000e00007003a00ef
:10961000406021008040eb0001487800506021004c
:1096200081ccb30001487800030037002cc8bf008c
:109630000004a0002ce8b70054003700a04a200026
:10964000000f780040822000404090006f40600092
:10965000204798002e4090000004e0003c003200bb
:109660002e4090000080fb00000040008000780049
:1096700040822000404090000000fb004f00de00d0
:1096800001007000c200dd00006021000080400089
:109690002007980040822000404090000004e00035
:1096a00016003d002e4090000080fb0000004000ae
:1096b0001e00400010007800640060000000e00020
:1096c0000a0032004082200010409000e14f50001c
:1096d00002003a000040eb000100370040c8b30030
:1096e000ae00900090409800190037002cc8bf00d1
:1096f0000004a0002ce8b700150037002e409000b1
:109700000080fb00000040001e00400010007800b8
:10971000680060000000e0000a0032004082200083
:1097200010409000e14f500002003a0080c8b300a2
:109730000100370040c8b300ae0090009040980090
:10974000030037002cc8bf000004a0002ce8b700bd
:109750002cc8bf000080fb00610060000000e0003a
:1097600006003a00406021008040eb00014878008c
:109770005060210081ccb30001487800030037001d
:109780002cc8bf000004a0002ce8b700040037007c
:109790002cc8bf000004a0002ce8b700fc00370074
:1097a000fb00370040822000204090000004e000d1
:1097b00004003d002cc8bf000004a0002ce8b70046
:1097c000f30037004082200090407800805a21004a
:1097d000014878004082200090409000905a21007b
:1097e00001487800408220001000900050ad8800b1
:1097f000408220002000900060ad88004082200060
:109800003000900070ad880000612400b0ad880089
:10981000406021008040eb0001487800506021004a
:1098200081ccb30001487800d90037004082200085
:1098300090407800805a2100014878004082200042
:1098400090409000905a210001487800408220000a
:109850001000900050ad8800408220002000900051
:1098600060ad8800408220003000900070ad88001c
:1098700040822000304090000080fb00e20f50004a
:109880000b003200e30f500024003200e10f5000c3
:1098900037003a006066290080ad880080ad800006
:1098a000104078000080fb0090ad88003900370040
:1098b00040822000204090000004e00013003a00a5
:1098c00040822000204090000080fb00800040008b
:1098d000c06b2900008040001000780080ad880037
:1098e00080ad80000080e80090407800205b21007f
:1098f0000148780080ad800063004000904078000f
:10990000305b210001487800220037002cc8bf00de
:109910000004a0002ce8b7001e00370040822000a1
:1099200020409000e24f50000d003e004082200099
:10993000204090000080fb00800040002071290042
:10994000008040001000780080ad880080ad80006d
:10995000104078000080fb0090ad88000d003700bb
:109960002cc8bf000004a0002ce8b7000900370095
:10997000a04180000000e00003003200a041800010
:1099800000000100030037002cc8bf000004a00045
:109990002ce8b7002cc8bf000080fb00610060000d
:1099a0000000e00079003a00c0dc2400b0ad88007f
:1099b00040822000b000900090ad8000808f500069
:1099c00003003100408220003000900090ad8800fc
:1099d000710007006e00370030b08000d182200097
:1099e00091407800014878004060210011c0b30028
:1099f000014878005060210081ccb3000148780014
:109a0000630037004082200020409000e14f50006a
:109a10001a003e0010c0b30062fc07004082200024
:109a2000204090002de8b7002dc8bf000080fb004b
:109a30000000e00003003a0020c0b30030e8b700a7
:109a40000700370030c0b30030e8b7009041800015
:109a50000000e000020032009041800000000100a0
:109a6000406021008040eb000148780050602100f8
:109a700081ccb30001487800450037002cc8bf00f6
:109a80000004a0002ce8b7004100370030c8bf0038
:109a90000080fb00e30f500013003a0040822000da
:109aa00040409000e14f50000a003e0030b080007e
:109ab0008040eb00014878004060210011c0b300f5
:109ac000014878005060210081ccb3000148780043
:109ad000030037002cc8bf000004a0002ce8b7002a
:109ae000000000002a0037002cc8bf000004a000be
:109af0002ce8b7002600370030c8bf000080fb000c
:109b0000e30f500019003a004082200040409000ce
:109b1000e14f500010003e004082200020409000a5
:109b20000080fb000000e00007003a0040602100d8
:109b30008040eb00014878005060210081ccb300e8
:109b400001487800070037002cc8bf000004a000bf
:109b50002ce8b700030037002cc8bf000004a000a9
:109b60002ce8b70000000000090037002cc8bf0037
:109b70000004a0002ce8b700050037002cc8bf0087
:109b80000004a0002ce8b70001003700000000002e
:109b90000080fa00000006000200fa0091ad80008b
:109ba000f0032000808f500005003e0090ad800043
:109bb000004f78000000eb0090ad880005003700f2
:109bc00000c4b300004f780090ad80000004b100e5
:109bd00090ad88000040eb00104798000c00370063
:109be00031b080001e4090000080fb00808040006b
:109bf00080ad800010417800824878000000e800c5
:109c000080ad88001e4090000040e800104798009a
:109c10001e4090009e4f5000f1ff3900406021002f
:109c20001e487800506021001040780000c0ea0013
:109c300002c4b3008240600080c8b30000c070005e
:109c400080407800506021000148780090ad80008d
:109c50000000e0000f003a00a0ad80000000e0002e
:109c600002003200a0ad800000000100805a2100f7
:109c700080c0eb0001487800905a210080c0eb00c2
:109c8000014878000000eb00a0ad88000000eb0068
:109c9000b0ad88000080fa00000006000200fa0063
:109ca0000040eb00004f78000900370080ad8000d5
:109cb00012b080009e80fb0081004100914078003e
:109cc000014878000000e80080ad88001e4fe800e1
:109cd00000602100104078009e4f5000f3ff3e00ce
:109ce00091ad800000602100104078000080fb00f2
:109cf0000080500090ad880090ad80000000e00032
:109d00000e0032000060210001c4b3000148780059
:109d1000106021001040780000c0ea0002c4b300c7
:109d20008240600080c8b30000c0700080407800ae
:109d300010602100014878000f003700a0ad8000be
:109d40000000e00002003200a0ad80000000010031
:109d5000805a210080c0eb0001487800905a210011
:109d600080c0eb00014878000000eb00a0ad880047
:109d70000000eb00b0ae88000080fa000000060092
:109d80000200fa00000f78001e0078000000e000da
:109d900002003a00f4e2a8000e0037001e0078002e
:109da000e10f500002003a00cc82a8000900370001
:109db0001e007800e20f500002003a00ccc2a8005a
:109dc000040037001e007800e30f500001003a0045
:109dd000cce2a8000080fa00000006000200fa00b1
:109de000000f78001e0078000000e00002003a003a
:109df000f4e2a9000e0037001e007800e10f5000c9
:109e000002003a00cc82a900090037001e00780049
:109e1000e20f500002003a00ccc2a9000400370053
:109e20001e007800e30f500001003a00cce2a900c8
:109e30000080fa00000006000200fa00000f78001f
:109e40001e0078000000e00010003a00a11780001a
:109e5000000820000080600000f0a7000000ea0079
:109e60000000e9004f00de00004078000080fb00a9
:109e7000610060004700dd00a11780000170a100b3
:109e800001007000a0178800370037001e0078001e
:109e9000e10f50000f003a00601680007000600073
:109ea00000f0a7000000ea000000e9004f00de001b
:109eb000004078000080fb00610060004400dd008d
:109ec000611680000140a10001007000601688004a
:109ed000250037001e007800e20f500010003a0005
:109ee00061168000000420000080600000f0a700e0
:109ef0000000ea000000e9004f00de0000407800aa
:109f00000080fb00610060004600dd0061168000fb
:109f10000160a10001007000601688001200370087
:109f20001e007800e30f50000f003a006116800019
:109f3000000820000080600000f0a7000000ea0098
:109f40000000e9004f00de00004078000080fb00c8
:109f5000610060004700dd00611680000170a10013
:109f600001007000601688000080fa000000060002
:109f70000400fa00000f7800110798001e00780016
:109f80000000e0000e003a001e00900000f0a70064
:109f90000000ea000000ea004f00de000040780008
:109fa0000080fb00610060004700dd00a117800019
:109fb0000170a10001007000a01788003200370076
:109fc0001e007800e10f50000e003a001e009000c5
:109fd00000f0a7000000ea000000ea004f00de00e9
:109fe000004078000080fb00610060004400dd005c
:109ff000611680000140a100010070006016880019
:10a00000210037001e007800e20f50000e003a00d9
:10a010001e00900000f0a7000000ea000000ea0027
:10a020004f00de00004078000080fb00610060000f
:10a030004600dd00611680000160a1000100700093
:10a0400060168800100037001e007800e30f5000f3
:10a050000d003a001e00900000f0a7000000ea008a
:10a060000000ea004f00de00004078000080fb00a6
:10a07000610060004700dd00611680000170a100f2
:10a0800001007000601688000080fa0000000600e1
:10a090000200fa00000f78001e0078000000e000c7
:10a0a00005003a00901780004700de006140600024
:10a0b0000080fb00190037001e007800e10f5000ff
:10a0c00005003a00501680004400de006140600048
:10a0d0000080fb00110037001e007800e20f5000e6
:10a0e00005003a00501680004600de006140600026
:10a0f0000080fb00090037001e007800e30f5000cd
:10a1000005003a00501680004700de006140600004
:10a110000080fb00010037000080eb000080fa00a7
:10a12000000006000400fa00000f780011079800f4
:10a130001e0078000000e0000e003a001e009000b3
:10a1400000f0a7000000ea000000ea004f00de0077
:10a15000004078000080fb00610060004700dd00e7
:10a16000b11780000170a10001007000b0178800d5
:10a17000320037001e007800e10f50000e003a0058
:10a180001e00900000f0a7000000ea000000ea00b6
:10a190004f00de00004078000080fb00610060009e
:10a1a0004400dd00711680000140a1000100700034
:10a1b00070168800210037001e007800e20f500062
:10a1c0000e003a001e00900000f0a7000000ea0018
:10a1d0000000ea004f00de00004078000080fb0035
:10a1e000610060004600dd00711680000160a10082
:10a1f0000100700070168800100037001e00780003
:10a20000e30f50000d003a001e00900000f0a70080
:10a210000000ea000000ea004f00de000040780085
:10a220000080fb00610060004700dd0071168000c7
:10a230000170a10001007000701688000080fa0013
:10a24000000006000200fa00000f78001e007800ef
:10a250000000e00005003a00b01780004700de0073
:10a26000614060000080fb00190037001e0078008c
:10a27000e10f500005003a00701680004400de0037
:10a28000614060000080fb00110037001e00780074
:10a29000e20f500005003a00701680004600de0014
:10a2a000614060000080fb00090037001e0078005c
:10a2b000e30f500005003a00701680004700de00f2
:10a2c000614060000080fb00010037000080eb006f
:10a2d0000080fa00000006000a00fa00300798002b
:10a2e0004107980000192000000f78003e00900000
:10a2f000e30f500018003e004e0090006101b800ce
:10a300003e0090006a00b900000078001e00400086
:10a31000200090008000eb00009ab9000402780051
:10a32000028bb90086027800050242000010b800d6
:10a33000010242008400780010079800210798006d
:10a340003e0090006a00b900000078001e00400046
:10a35000ae009000310098000080fa000000060076
:10a360000800fa003007980000192000000f78005c
:10a370003e009000e30f500015003e000000eb008f
:10a38000100798003e0090006a00b90000007800b5
:10a390001e00400030009000200798001e02900030
:10a3a000ae0290003e0090006a00b9000000780004
:10a3b0001e004000200090008000eb000001be0065
:10a3c0000400be0020e10700000078000100370013
:10a3d0000080eb000080fa00000006000c00fa008c
:10a3e000400798005107980000192000000f7800de
:10a3f0004e009000e30f500034003e000000eb00e0
:10a40000200798004e0090006a00b9000000780014
:10a410001e00400030009000300798002e0290008f
:10a42000be0290004e0090006a00b9000000780063
:10a430001e004000200090008000eb000001be00e4
:10a440000400be0000e10700100798001e00900005
:10a450006101b8005e0090008000eb00009ab90036
:10a4600004027800028bb9008602780005024200df
:10a470000010b80001024200840078002007980014
:10a48000310798004e0090006a00b9000000780083
:10a490001e004000de009000210098004e00900059
:10a4a0006a00b900000078001e004000be00900065
:10a4b000310098004e0090006a00b900000078005a
:10a4c0001e0040008000eb00410098000080fa0070
:10a4d000000006000400fa00100798000019200090
:10a4e000000f78001e009000e30f500006003e00b1
:10a4f0001e0090006a00b900000078001e004000b5
:10a5000020009000010037000080eb000080fa007e
:10a51000000006000600fa001007980021079800c6
:10a5200000192000000f78001e009000e30f50007b
:10a5300012003e001e0090006a00b9000000780082
:10a540001e004000ae009000210098001e00900008
:10a550006a00b900000078001e00400011002000d1
:10a56000310098001e0090006a00b90000007800d9
:10a570001e0040008000eb00410098000080fa00bf
:10a58000000006000400fa001007980000192000df
:10a59000000f78001e009000e30f500006003e0000
:10a5a0001e0090006a00b900000078001e00400004
:10a5b00020009000010037000080eb000080fa00ce
:10a5c000000006000800fa002007980031079800f4
:10a5d00005e1a900ae00900011088800be009000bf
:10a5e000210888000021ef000019200010079800c2
:10a5f0000000eb00000f78000f003700618620009c
:10a600001e0078000000400000804000100078002c
:10a61000e30f500007003a001e0078006a00b900fe
:10a62000000078009e009000008040008000eb0059
:10a63000410098001e0fe8001e007800e30f500054
:10a64000eeff360005e1a8000080fa0000000600d9
:10a650000a00fa0030079800410798003e00900079
:10a66000e30f50007d013e004e009000e30f5000cc
:10a670007c013e0000192000000f7800006c2000d3
:10a6800010079800006820002007980061862000cd
:10a690003e00900000004000008040001000780064
:10a6a000e20f500007003200618620003e0090005b
:10a6b000000040000080400010007800e30f5000d0
:10a6c0003d003a003e0090006a00b90000007800aa
:10a6d0001e0040008000eb00010878003e00900062
:10a6e0006a00b900000078001e0040008000eb0006
:10a6f00011009800113a8000f00b200000816000ea
:10a700006004200071052000237420008049780037
:10a7100081497800824978003e0090000000e00006
:10a7200005003a001e0090007a0040008040eb00d7
:10a7300001487800170037003e009000e10f5000fc
:10a7400005003a001e0090007c0040008040eb00b5
:10a75000014878000f0037003e009000e20f5000e3
:10a7600005003a001e009000660040008040eb00ab
:10a7700001487800070037003e009000e30f5000ca
:10a7800004003a001e009000670040008040eb008b
:10a7900001487800103a8000000178000260a000b3
:10a7a0006004200071052000237420008049780097
:10a7b0008149780082497800618620003e0090003f
:10a7c000000040000080400010007800e20f5000c0
:10a7d00015003a003e0090006a00b90000007800c1
:10a7e0001e004000a0009000028020003e0090006b
:10a7f0000000400000004100010878003e00900089
:10a800006a00b900000078001e004000b00090000f
:10a81000828020003e0090000000400000004100c7
:10a82000010878001b003700618620003e00900080
:10a83000000040000080400010007800e30f50004e
:10a8400014003a003e0090006a00b9000000780051
:10a850001e004000a0009000028120003e009000f9
:10a860000000400000004100010878003e00900018
:10a870006a00b900000078001e004000b00090009f
:10a88000828120003e009000000040000000410056
:10a8900001087800618620003e0090000000400022
:10a8a00000804000ce009000010878004e0090002b
:10a8b0000000e00014003a003e0090000000e000bc
:10a8c00002003a00f0e2a900e70037003e009000e5
:10a8d000e10f500002003a00c882a900e2003700f0
:10a8e0003e009000e20f500002003a00c8c2a900ea
:10a8f000dd0037003e009000e30f5000da003a0020
:10a90000c8e2a900d80037004e009000e10f5000c7
:10a9100014003a003e0090000000e00002003a00ff
:10a92000f0e2a800d00037003e009000e10f500098
:10a9300002003a00c882a800cb0037003e00900019
:10a94000e20f500002003a00c8c2a800c60037005b
:10a950003e009000e30f5000c3003a00c8e2a80098
:10a96000c10037004e009000e20f50005c003a003a
:10a97000113a8000f00b200000816000600420008c
:10a9800071052000237420008049780081497800f7
:10a99000824978003e0090000000e00006003a0086
:10a9a000f0e2a9001e0090007a00400021c1b3002f
:10a9b000014878001a0037003e009000e10f500077
:10a9c00006003a00c882a9001e0090007c004000ea
:10a9d00031c1b30001487800110037003e009000fb
:10a9e000e20f500006003a00c8c2a9001e00900005
:10a9f0006600400041c1b3000148780008003700fc
:10aa00003e009000e30f500005003a00c8e2a900a4
:10aa10001e0090006700400051c1b300014878005b
:10aa2000103a8000000178000260a000600420005d
:10aa30007105200023742000804978008149780046
:10aa4000824978003e0090006a00b900000078005a
:10aa50009e004000028020003e0090000000400068
:10aa60000000410010007800a00098003e00900017
:10aa70006a00b900000078009e004000828020003b
:10aa80003e009000000040000000410010007800ef
:10aa9000b00098003e0090006a00b9000000780005
:10aaa0001e0040008000eb00410098003e00900036
:10aab0006a00b900000078001e00400061c021005b
:10aac000010878003e0090006a00b900000078009c
:10aad0001e004000f10120001100980062003700c4
:10aae0004e009000e30f50005f003a00113a8000e2
:10aaf000f00b200000816000600420007105200040
:10ab000023742000804978008149780082497800c8
:10ab10003e0090000000e00006003a00f0e2a900cc
:10ab20001e0090007a00400021c1b3000148780067
:10ab30001a0037003e009000e10f500006003a0076
:10ab4000c882a9001e0090007c00400031c1b30003
:10ab500001487800110037003e009000e20f5000dd
:10ab600006003a00c8c2a9001e009000660040001e
:10ab700041c1b30001487800080037003e00900052
:10ab8000e30f500005003a00c8e2a9001e00900043
:10ab90006700400051c1b30001487800103a8000be
:10aba000000178000260a000600420007105200010
:10abb0002374200080497800814978008249780018
:10abc0003e0090006a00b900000078009e0040003e
:10abd000028120003e009000000040000000410083
:10abe00010007800a00098003e0090006a00b900b4
:10abf000000078009e004000828120003e0090000e
:10ac0000000040000000410010007800b0009800f3
:10ac10003e0090006a00b900000078001e0040006d
:10ac20008000eb00410098003e0090006a00b900ef
:10ac3000000078001e004000f1c0210001087800eb
:10ac40003e0090006a00b900000078001e0040003d
:10ac5000b108200011009800030037000000000038
:10ac600001003700000000000080fa00000006002c
:10ac70000200fa00000f78001e007800e30f500079
:10ac800006003e00618620001e00780000004000a3
:10ac90000080400010007800010037000080eb00c9
:10aca0000080fa00000006000000fa0010b08000ea
:10acb00090407800c08520000148780010b08000e6
:10acc0000000e80090407800c08520001140980006
:10acd00010b080000080e80090407800c08520001f
:10ace0002140980010b08000630040009040780040
:10acf000c08520003140980010b080006400400002
:10ad000090407800c08520004140980010b080003d
:10ad10006500400090407800c085200051409800b8
:10ad200010b080006600400090407800c085200090
:10ad3000614098000000eb00b0ae88000080fa008f
:10ad4000000006000000fa00408220001040900041
:10ad50000080fb0001022000810f50001d00320026
:10ad600001022000810f500005003c000000e000bf
:10ad70000a003200e10f50000f0032005c00370083
:10ad800011022000810f5000260032002102200015
:10ad9000810f50004c003200550037004060210008
:10ada0008040eb00014878005060210081ccb30066
:10adb0000148780051003700406021008040eb00de
:10adc000014878005060210081ccb3000148780030
:10add0004a0037004082200090407800805a2100cd
:10ade000014878004082200090409000905a210055
:10adf00001487800408220001000900050ad88008b
:10ae0000408220002000900060ad88004082200039
:10ae10003000900070ad880040652500b0ae88001d
:10ae20003600370030b08000c185200091407800a6
:10ae30000148780030b080000000e800c1852000a3
:10ae4000914090000148780030b080000080e80018
:10ae5000c1852000a14090000148780030b08000fa
:10ae600063004000c1852000b14090000148780097
:10ae700030b0800064004000c1852000c1409000d7
:10ae80000148780030b0800065004000c185200096
:10ae9000d14090000148780030b08000660040004a
:10aea000c1852000e1409000014878004060210009
:10aeb00071c0b300014878005060210081ccb3001c
:10aec000014878000d0037004082200010009000fb
:10aed00020438800406021008040eb00014878005a
:10aee0005060210081ccb300014878000300370096
:10aef0002cc8bf000004a0002ce8b7000080fa00b6
:10af0000000006000000fa00c285200000202c008e
:10af1000110020000089be00c08520008040eb00a9
:10af200041409800c08520008040eb0051409800cf
:10af3000c085200081c0b300614098006428ef0004
:10af400000122100608888000010200070888800ae
:10af50000000eb00808888000000eb0090888800eb
:10af60000000eb00a088880000222100b088880043
:10af700000102000c08888000000eb00d088880006
:10af80000000eb00e08888000000eb00f0888800fb
:10af90000080fa00000006000200fa005061210063
:10afa000104078000004e00034003500a1888000e3
:10afb000f0032000808f500003003e00a088800036
:10afc000004f78000200370000c4b300004f780043
:10afd0000040eb001047980015003700b1b080002a
:10afe0001e4090000080fb000080400062888000ce
:10aff00081888000810041009140780001487800fc
:10b00000808880000000e8008088880081888000b7
:10b0100070888000808f500002003a000000eb0032
:10b02000808888001e4090000040e800104798008b
:10b030001e4090009e4f5000e8ff3900a18880001c
:10b040001e80fb0000805000a08888004061210025
:10b050001e487800506121001040780000c0ea00ce
:10b0600002c4b3008240600080c8b30000c070001a
:10b070008040780050612100014878000080fa008b
:10b08000000006000200fa00106121001040780064
:10b090000004e00038003500006121001040780015
:10b0a0008080fb00f088800080804000c0888000a5
:10b0b000808f50002d003e000040eb00004f7800d4
:10b0c00012003700b1888000e088800000804000d6
:10b0d00092b080009e80fb0081004100914078008a
:10b0e00001487800e08880000000e800e0888800df
:10b0f000e1888000c0888000808f500002003a0004
:10b100000000eb00e08888001e4fe800006121008d
:10b11000104078009e4f5000eaff3e00f18880000a
:10b1200000612100104078000080fb00008040009a
:10b13000f08888000061210001c4b3000148780054
:10b14000106121001040780000c0ea0002c4b30082
:10b150008240600080c8b30000c07000804078006a
:10b160001061210001487800030037002cc8bf009f
:10b170000004a0002ce8b7000080fa0000000600e0
:10b180000000fa00f08880000080fa00000006004d
:10b190000000fa0071888000a088800000805000c4
:10b1a0000080fa00000006000200fa00004f78005c
:10b1b00001003700e2f60700a18880007088800057
:10b1c000808f5000fbff3200ff3ffc006188800051
:10b1d00090888000008040001e48780090888000a1
:10b1e0000000e800908888009188800070888000c6
:10b1f000808f500002003a000000eb009088880029
:10b20000a08880000000e800a08888005220ef009d
:10b210000080fa00000006000200fa00010037007a
:10b22000c7f60700f08880000000e000fcff320055
:10b23000ff3ffc00b1888000d08880000080400083
:10b24000104f7800d08880000000e800d088880087
:10b25000d1888000c0888000808f500002003a00b2
:10b260000000eb00d0888800f08880000000e90032
:10b27000f08888005220ef001e4078000080fa001d
:10b28000000006000200fa00000f780004003700fa
:10b290001e007800104078001e0fe800c2ff070073
:10b2a0001e007800104078000004e000f8ff3a002b
:10b2b0000080fa00000006000400fa00000f780089
:10b2c000110798001e0090000000e0001a003200f4
:10b2d0001e009000e10f500004003a001e007800ac
:10b2e0008040eb000148780014003700caff0700d7
:10b2f0009e007800804878001e007800104078009a
:10b30000ed4f5000080032001e009000e10f500089
:10b31000050032001e0fe8001e0090000000e9004a
:10b3200010079800f1ff37001e0078008040eb0006
:10b330000148780001003700000000000080fa009a
:10b34000000006000800fa00200798003107980066
:10b350003e0090000000e000680032003e009000d7
:10b36000e10f500004003a002e0090008040eb00f6
:10b370000148780062003700b0c1b3008aff0700bf
:10b3800070c3b30088ff0700ae009000110798005b
:10b39000be009000010f780003003700000000009d
:10b3a00001003700000000009bff0700ae00900086
:10b3b000804878002e00900010407800ed4f50003b
:10b3c00008003a002e0090008040eb000148780011
:10b3d000a0c0b30074ff0700d0c0b30072ff070025
:10b3e000470037002e00900010407800fb4f5000bf
:10b3f0000f003a00b0c1b3006bff070080c3b30079
:10b4000069ff0700b0c1b30067ff0700b0c5b30014
:10b4100065ff0700b0c4b30063ff07009e00900003
:10b4200021079800be009000010f7800320037001d
:10b430002e00900010407800e84f500005003200c8
:10b440002e00900090407800f0c7b30080cf5000ed
:10b4500012003a00ae0090001e009000808f500055
:10b460000b00360080c0b3004fff070000c2b300de
:10b470004dff070080c0b3004bff07002e00900077
:10b480000000e900200798001e0fe80002003700c6
:10b4900070c0b30044ff0700170037001e0078009b
:10b4a000e10f500003003a0070c0b3003eff0700f8
:10b4b000110037002e00900010407800ff4f500020
:10b4c000b6ff36002e00900090407800e0c7b30031
:10b4d00080cf5000b3ff3e002e0090001040780057
:10b4e00031ff07002e0090000000e80020079800c0
:10b4f0001e0fe900acff3700abff37000000000073
:08b500000080fa0000000600c3
:020000040000fa
:10b508006e08000014080000800000004e080000cb
:10b518000e0000008000000066080000080000001f
:10b5280080000000000800002000000082000000e9
:10b538007f3e7f003e7f3e007f3e3f001f3f1f0053
:10b548003f1f3f001fbf5d00bf5dbf005dbf5d00c7
:10b5580001000100000100000100000020130000ac
:10b5680088010000820000004494a0001a4794005b
:10b57800061d4b0094021e00519460001f57940052
:10b58800aa215d00949c23006294ba002d67940060
:10b59800962e6e0094103200729420003378940036
:10b5a800f21a7d00947c1b0083949c001b889400f5
:10b5b800201c8e00943e1c009394c6001c99940095
:10b5c800e41c9e0094581d00a594e2001dad940053
:10b5d800541eb20094861e00b894a0001ebd9400ac
:10b5e800d21ec30094ec1e00c89440001fce9400e5
:10b5f800b21fd30094e01f00ad94fa001fb294006c
:10b608002820b80094422000bd94700020d99400ee
:10b618008a20de0094b82000e494d20020e8940048
:10b628001221ed00943e2100f1947e0021e894005f
:10b63800fc21f10094302200f694640022fe94006c
:10b648009822060095cc22000c953400231595000d
:10b65800ee231b00952824002295460024269500f9
:10b66800ca242b0095e824002f95700025349500f6
:10b678008e253800951626003d9534002641950004
:10b68800bc26460095da26004a956200274f9500a9
:10b6980080275300950a280058952a00285c9500b1
:10b6a800b428610095d4280067950e00296e95008e
:10b6b8002c29720095b029007795ce00297b95003a
:10b6c800562a800095742a008495fc002a899500e2
:10b6d8001a2b8d0095a22b009295c0002b969500f1
:10b6e800482c9b0095662c009f95f0002ca4950093
:10b6f800102da800959a2d00ad95e8002eb1950063
:10b70800042fb70095202f00be953c002fc495004c
:10b718007c2fc90095a42f00cc95e4002f5d9400e0
:10b728000c30d000954c3000d695740030dd950073
:10b73800b430e50095dc3000ea951c0031f0950046
:10b748004431f60095843100fd95ac003106960031
:10b75800ec311000966232001696ec00321d96000d
:10b768000c33250096723300c495dc0033be950077
:10b77800ca340000a8140000000100008000000086
:10b788003a08000014000000800000008210000049
:10b798009e020000800000005c0800000a00000013
:10b7a80080000000a81500004e0000008000000086
:10b7b80000160000800000008000000080160000d5
:10b7c8004000000080000000c0160000400000009b
:10b7d80080000000200800001a000000800000001f
:04b7e800000000005d
:020000040000fa
:10b7ec00809fbe003200f8003400f80010002000ea
:10b7fc00a001880000202000900188000200fa00bf
:10b80c008580a900b04380000000e00017003a00da
:10b81c002342a90016003700ff3ffc007143800053
:10b82c009043800000804000104f780090438000cf
:10b83c000000e80090438800914380008043800022
:10b84c00808f500002003a000000eb00904388000b
:10b85c00b04380000000e900b04388005220ef00a4
:10b86c001e80fb0020118800010037000000000042
:10b87c001111800000202000008060000000e0001a
:10b88c0003003a00b04380000000e000e2ff3a0001
:10b89c000080fa003400f9003200f9004f00be00bd
:10b8ac0000400600809fbe003200f8003400f80013
:10b8bc0010002000a00188000020200090018800ca
:10b8cc000000fa008560a90014003700ff3ffc005f
:10b8dc00c1438000f04380000080400031118000a3
:10b8ec008140780001487800f04380000000e800b7
:10b8fc00f0438800f1438000d0438000808f5000db
:10b90c0002003a000000eb00f04388000044800085
:10b91c000000e800004488005220ef001011800065
:10b92c00610060000000e00004003200014480006f
:10b93c00d0438000808f5000e4ff3a000080fa0072
:10b94c003400f9003200f9004f00be000040060040
:020000040000fa
:10b95c000000fa00206a2500b0418800c060210078
:10b96c008040eb00014878002008210070b088006e
:10b97c00d060210081ccb300014878005000200039
:10b98c00602588000061210001c4b30001487800e3
:10b99c00c008210090b088001061210081c8b3005c
:10b9ac000148780020842500d0ae88004061210039
:10b9bc008040eb0001487800c00c2100b0b088003a
:10b9cc005061210081ccb30001487800d0012000e7
:10b9dc0070258800c07c2500d0ad88000080fa005e
:10b9ec00000006000000fa0089ee070093ec070047
:10b9fc0041fd0700e0ca25009041880096f407003d
:10ba0c00d041800000000100caf40700fcff3700a1
:020000040000fa
:08ba1c000040da000000fe000a
:00000001FF
